DATE,TIME,VCUR_ROT_int,UCUR_ROT_int,UCURrot_11m,VCURrot_11m,UCURrot_15m,VCURrot_15m
2016-03-01,736390.4167,-0.256, 0.054, 0.011,-0.387, 0.026,-0.362
2016-03-02,736391.4167,-0.362, 0.183, 0.249,-0.436, 0.222,-0.430
2016-03-03,736392.4167,-0.495, 0.181, 0.200,-0.781, 0.222,-0.743
2016-03-04,736393.4167,-0.403, 0.180, 0.163,-0.519, 0.194,-0.513
2016-03-05,736394.4167,-0.448, 0.212, 0.196,-0.604, 0.256,-0.601
2016-03-06,736395.4167,-0.313, 0.070, 0.045,-0.549, 0.047,-0.529
2016-03-07,736396.4167,-0.329, 0.154, 0.076,-0.419, 0.128,-0.417
2016-03-08,736397.4167,-0.412, 0.212, 0.114,-0.538, 0.263,-0.550
2016-03-09,736398.4167,-0.435, 0.241, 0.060,-0.559, 0.321,-0.601
2016-03-10,736399.4167,-0.336, 0.152, 0.114,-0.441, 0.169,-0.439
2016-03-11,736400.4167,-0.341, 0.172, 0.122,-0.367, 0.175,-0.386
2016-03-12,736401.4167,-0.469, 0.298, 0.139,-0.376, 0.390,-0.672
2016-03-13,736402.4167,-0.433, 0.109, 0.044,-0.776, 0.112,-0.781
2016-03-14,736403.4167,-0.237, 0.106, 0.095,-0.310, 0.098,-0.278
2016-03-15,736404.4167,-0.303, 0.142, 0.185,-0.633, 0.208,-0.617
2016-03-16,736405.4167,-0.269, 0.150, 0.157,-0.421, 0.160,-0.422
2016-03-17,736406.4167,-0.206,-0.002,-0.015,-0.343,-0.019,-0.336
2016-03-18,736407.4167,-0.197, 0.066, 0.091,-0.291, 0.086,-0.288
2016-03-19,736408.4167,-0.244, 0.152, 0.255,-0.516, 0.280,-0.496
2016-03-20,736409.4167,-0.102, 0.079, 0.136,-0.277, 0.154,-0.289
2016-03-21,736410.4167,-0.157, 0.067,-0.002,-0.206, 0.014,-0.214
2016-03-22,736411.4167,-0.037,-0.044,-0.102,-0.079,-0.101,-0.083
2016-03-23,736412.4167,-0.145, 0.001,-0.071,-0.182,-0.069,-0.177
2016-03-24,736413.4167,-0.326, 0.143, 0.204,-0.504, 0.214,-0.473
2016-03-25,736414.4167,-0.335, 0.152, 0.174,-0.540, 0.200,-0.517
2016-03-26,736415.4167,-0.251, 0.116, 0.141,-0.384, 0.142,-0.382
2016-03-27,736416.4167,-0.271, 0.097, 0.083,-0.421, 0.095,-0.425
2016-03-28,736417.4167,-0.261, 0.051, 0.022,-0.447, 0.036,-0.428
2016-03-29,736418.4167,-0.344, 0.149, 0.163,-0.515, 0.176,-0.498
2016-03-30,736419.4167,-0.485, 0.242, 0.138,-0.623, 0.296,-0.653
2016-03-31,736420.4167,-0.546, 0.235, 0.062,-0.720, 0.268,-0.764
2016-04-01,736421.4167,-0.563, 0.248, 0.111,-0.671, 0.331,-0.750
2016-04-02,736422.4167,-0.540, 0.160, 0.127,-0.696, 0.195,-0.737
2016-04-03,736423.4167,-0.434, 0.130, 0.144,-0.658, 0.136,-0.663
2016-04-04,736424.4167,-0.388, 0.147, 0.189,-0.551, 0.185,-0.556
2016-04-05,736425.4167,-0.334, 0.102, 0.223,-0.536, 0.212,-0.527
2016-04-06,736426.4167,-0.191, 0.050, 0.066,-0.356, 0.067,-0.358
2016-04-07,736427.4167,-0.047, 0.028, 0.148,-0.209, 0.140,-0.206
2016-04-08,736428.4167, 0.075, 0.076, 0.085, 0.004, 0.077, 0.008
2016-04-09,736429.4167, 0.134,-0.225,-0.330, 0.058,-0.312, 0.064
2016-04-10,736430.4167, 0.032, 0.016, 0.020, 0.001, 0.022, 0.003
2016-04-11,736431.4167, 0.037, 0.061, 0.133,-0.006, 0.136,-0.006
2016-04-12,736432.4167, 0.091,-0.032,-0.012, 0.079,-0.008, 0.078
2016-04-13,736433.4167, 0.058,-0.013,-0.016, 0.069,-0.015, 0.069
2016-04-14,736434.4167, 0.043,-0.017, 0.003, 0.049, 0.004, 0.050
2016-04-15,736435.4167,-0.139, 0.039, 0.075,-0.125, 0.064,-0.117
2016-04-16,736436.4167,-0.125, 0.023,-0.027,-0.124,-0.031,-0.144
2016-04-17,736437.4167,-0.029,-0.006,-0.017,-0.041,-0.017,-0.045
2016-04-18,736438.4167, 0.014,-0.006,-0.013, 0.005,-0.011, 0.003
2016-04-19,736439.4167,-0.057, 0.011, 0.059,-0.057, 0.055,-0.063
2016-04-20,736440.4167,-0.096, 0.033, 0.087,-0.096, 0.088,-0.095
2016-04-21,736441.4167,-0.227, 0.025, 0.003,-0.256,-0.002,-0.258
2016-04-22,736442.4167,-0.115, 0.011,-0.095,-0.124,-0.078,-0.125
2016-04-23,736443.4167, 0.168,-0.021,-0.078, 0.174,-0.060, 0.168
2016-04-24,736444.4167, 0.106,-0.018,-0.014, 0.103,-0.002, 0.105
2016-04-25,736445.4167, 0.024,-0.021, 0.027, 0.036, 0.026, 0.036
2016-04-26,736446.4167, 0.021,-0.027, 0.005,-0.030, 0.005,-0.024
2016-04-27,736447.4167,-0.103,-0.003, 0.053,-0.131, 0.040,-0.129
2016-04-28,736448.4167,-0.149, 0.017, 0.030,-0.158, 0.027,-0.175
2016-04-29,736449.4167,-0.153, 0.019, 0.097,-0.199, 0.059,-0.204
2016-04-30,736450.4167,-0.132, 0.017, 0.086,-0.193, 0.069,-0.207
2016-05-01,736451.4167,-0.118, 0.035, 0.085,-0.175, 0.079,-0.178
2016-05-02,736452.4167,-0.071, 0.050, 0.127,-0.220, 0.124,-0.232
2016-05-03,736453.4167, 0.056, 0.016, 0.092,-0.134, 0.086,-0.136
2016-05-04,736454.4167, 0.099,-0.050,-0.092,-0.012,-0.093,-0.013
2016-05-05,736455.4167, 0.280,-0.002, 0.037, 0.220, 0.027, 0.265
2016-05-06,736456.4167, 0.199,-0.011,-0.020, 0.118,-0.022, 0.128
2016-05-07,736457.4167, 0.182, 0.032, 0.084, 0.155, 0.077, 0.168
2016-05-08,736458.4167, 0.131, 0.033,-0.023, 0.036,-0.004, 0.044
2016-05-09,736459.4167, 0.000, 0.057, 0.151,-0.064, 0.140,-0.057
2016-05-10,736460.4167,-0.044, 0.044, 0.129,-0.010, 0.121,-0.011
2016-05-11,736461.4167, 0.103, 0.019, 0.093, 0.086, 0.088, 0.087
2016-05-12,736462.4167, 0.281,-0.038,-0.018, 0.302,-0.022, 0.305
2016-05-13,736463.4167, 0.453,-0.009,-0.042, 0.375,-0.041, 0.449
2016-05-14,736464.4167, 0.474,-0.006,-0.042, 0.358,-0.079, 0.452
2016-05-15,736465.4167, 0.278, 0.004, 0.008, 0.233, 0.012, 0.232
2016-05-16,736466.4167, 0.176, 0.011, 0.023, 0.102, 0.022, 0.103
2016-05-17,736467.4167, 0.106,-0.049,-0.029, 0.049,-0.029, 0.051
2016-05-18,736468.4167, 0.149,-0.058,-0.025, 0.132,-0.040, 0.131
2016-05-19,736469.4167, 0.018,-0.056,-0.034,-0.007,-0.039,-0.005
2016-05-20,736470.4167, 0.062, 0.006, 0.016, 0.035, 0.018, 0.038
2016-05-21,736471.4167, 0.171, 0.004, 0.042, 0.196, 0.045, 0.197
2016-05-22,736472.4167,-0.354, 0.047, 0.033,-0.460, 0.034,-0.435
2016-05-23,736473.4167,-0.043,-0.072,-0.114,-0.054,-0.123,-0.068
2016-05-24,736474.4167, 0.309,-0.063,-0.090, 0.396,-0.071, 0.366
2016-05-25,736475.4167, 0.408,-0.014,-0.019, 0.405,-0.021, 0.466
2016-05-26,736476.4167, 0.230, 0.067, 0.140, 0.370, 0.131, 0.360
2016-05-27,736477.4167,-0.027, 0.201, 0.202, 0.019, 0.200, 0.021
2016-05-28,736478.4167,-0.247, 0.067, 0.055,-0.346, 0.055,-0.341
2016-05-29,736479.4167,-0.293, 0.001,-0.024,-0.436,-0.021,-0.437
2016-05-30,736480.4167,-0.110, 0.035, 0.043,-0.172, 0.044,-0.171
2016-05-31,736481.4167,-0.175,-0.015,-0.060,-0.274,-0.044,-0.266
2016-06-01,736482.4167,-0.265, 0.094, 0.050,-0.205, 0.051,-0.218
2016-06-02,736483.4167,-0.580, 0.071, 0.030,-0.605, 0.071,-0.835
2016-06-03,736484.4167,-0.631, 0.003,-0.058,-0.825,-0.034,-0.930
2016-06-04,736485.4167,-0.642, 0.006, 0.015,-0.885, 0.008,-0.921
2016-06-05,736486.4167,-0.497, 0.032, 0.042,-0.668, 0.030,-0.721
2016-06-06,736487.4167,-0.607, 0.063,-0.011,-0.723, 0.009,-0.792
2016-06-07,736488.4167,-0.550, 0.017,-0.040,-0.758,-0.031,-0.777
2016-06-08,736489.4167,-0.548, 0.021,-0.006,-0.728, 0.001,-0.745
2016-06-09,736490.4167,-0.582, 0.029, 0.023,-0.656, 0.019,-0.710
2016-06-10,736491.4167,-0.592, 0.033,-0.010,-0.719,-0.018,-0.782
2016-06-11,736492.4167,-0.405,-0.029,-0.154,-0.602,-0.150,-0.615
2016-06-12,736493.4167,-0.338,-0.045,-0.088,-0.553,-0.082,-0.532
2016-06-13,736494.4167,-0.447,-0.086,-0.175,-0.625,-0.170,-0.625
2016-06-14,736495.4167,-0.408, 0.028,-0.052,-0.659,-0.035,-0.641
2016-06-15,736496.4167,-0.333, 0.039,-0.000,-0.448,-0.003,-0.442
2016-06-16,736497.4167,-0.415, 0.053, 0.093,-0.480, 0.080,-0.488
2016-06-17,736498.4167,-0.620, 0.041, 0.053,-0.759, 0.037,-0.872
2016-06-18,736499.4167,-0.521, 0.012,-0.078,-0.665,-0.058,-0.740
2016-06-19,736500.4167,-0.407,-0.007,-0.010,-0.584,-0.009,-0.569
2016-06-20,736501.4167,-0.308, 0.004,-0.014,-0.320,-0.031,-0.333
2016-06-21,736502.4167,-0.274, 0.005, 0.045,-0.311, 0.037,-0.317
2016-06-22,736503.4167,-0.217, 0.005,-0.016,-0.309,-0.022,-0.313
2016-06-23,736504.4167,-0.324,-0.092,-0.098,-0.612,-0.096,-0.610
2016-06-24,736505.4167,-0.089,-0.091,-0.150,-0.167,-0.158,-0.178
2016-06-25,736506.4167, 0.088,-0.069,-0.080, 0.036,-0.081, 0.027
2016-06-26,736507.4167, 0.000,-0.054,-0.062,-0.060,-0.060,-0.058
2016-06-27,736508.4167,-0.081,-0.060,-0.109,-0.092,-0.110,-0.099
2016-06-28,736509.4167,-0.013,-0.083,-0.098,-0.041,-0.099,-0.042
2016-06-29,736510.4167,-0.051,-0.037,-0.036,-0.060,-0.037,-0.061
2016-06-30,736511.4167,-0.045,-0.004, 0.014,-0.067, 0.010,-0.064
2016-07-01,736512.4167, 0.087,-0.000,-0.100, 0.065,-0.092, 0.065
2016-07-02,736513.4167, 0.230,-0.002, 0.024, 0.253,-0.003, 0.254
2016-07-03,736514.4167, 0.104,-0.010,-0.032, 0.089,-0.034, 0.087
2016-07-04,736515.4167, 0.069,-0.011,-0.016, 0.030,-0.016, 0.031
2016-07-05,736516.4167, 0.022, 0.005, 0.034,-0.015, 0.031,-0.010
2016-07-06,736517.4167, 0.012,-0.022,-0.026, 0.030,-0.031, 0.025
2016-07-07,736518.4167,-0.118,-0.036,-0.080,-0.147,-0.065,-0.155
2016-07-08,736519.4167,-0.352,-0.019,-0.076,-0.428,-0.072,-0.433
2016-07-09,736520.4167,-0.461,-0.102,-0.213,-0.541,-0.203,-0.549
2016-07-10,736521.4167,-0.243,-0.094,-0.149,-0.329,-0.142,-0.322
2016-07-11,736522.4167,-0.168,-0.017, 0.002,-0.202, 0.000,-0.198
2016-07-12,736523.4167,-0.243,-0.013, 0.009,-0.262, 0.000,-0.266
2016-07-13,736524.4167,-0.109,-0.004,-0.003,-0.104,-0.009,-0.105
2016-07-14,736525.4167, 0.063, 0.014, 0.023, 0.063, 0.019, 0.064
2016-07-15,736526.4167, 0.087,-0.008,-0.012, 0.065,-0.013, 0.065
2016-07-16,736527.4167, 0.040,-0.014,-0.022,-0.017,-0.017,-0.013
2016-07-17,736528.4167,-0.158,-0.029,-0.003,-0.265,-0.017,-0.250
2016-07-18,736529.4167,-0.459,-0.081,-0.146,-0.580,-0.154,-0.574
2016-07-19,736530.4167,-0.490,-0.090,-0.119,-0.503,-0.133,-0.538
2016-07-20,736531.4167,-0.194,-0.051,-0.140,-0.205,-0.127,-0.211
2016-07-21,736532.4167,-0.101,-0.032, 0.001,-0.113,-0.015,-0.110
2016-07-22,736533.4167,-0.174,-0.001, 0.065,-0.165, 0.051,-0.162
2016-07-23,736534.4167,-0.319,-0.006,-0.020,-0.314,-0.024,-0.319
2016-07-24,736535.4167,-0.283, 0.030, 0.047,-0.332, 0.043,-0.333
2016-07-25,736536.4167,-0.380,-0.037,-0.036,-0.517,-0.035,-0.518
2016-07-26,736537.4167,-0.192,-0.034,-0.064,-0.318,-0.063,-0.312
2016-07-27,736538.4167,-0.112,-0.001, 0.018,-0.134, 0.011,-0.139
2016-07-28,736539.4167,-0.548, 0.037, 0.105,-0.820, 0.086,-0.848
2016-07-29,736540.4167,-0.605, 0.000,-0.008,-0.868,-0.016,-0.894
2016-07-30,736541.4167,-0.272,-0.053,-0.065,-0.361,-0.061,-0.359
2016-07-31,736542.4167,-0.103,-0.078,-0.065,-0.072,-0.073,-0.084
2016-08-01,736543.4167,-0.110,-0.011,-0.000,-0.021,-0.029,-0.045
2016-08-02,736544.4167,-0.033, 0.028,-0.028,-0.009,-0.032,-0.018
2016-08-03,736545.4167,-0.045, 0.019, 0.009,-0.055, 0.010,-0.052
2016-08-04,736546.4167,-0.047,-0.004,-0.003,-0.088, 0.001,-0.072
2016-08-05,736547.4167,-0.224,-0.011,-0.016,-0.243,-0.014,-0.249
2016-08-06,736548.4167,-0.492,-0.029,-0.055,-0.581,-0.055,-0.603
2016-08-07,736549.4167,-0.423,-0.071,-0.061,-0.400,-0.073,-0.426
2016-08-08,736550.4167,-0.615,-0.074,-0.079,-0.797,-0.113,-0.905
2016-08-09,736551.4167,-0.503,-0.093,-0.110,-0.674,-0.113,-0.674
2016-08-10,736552.4167,-0.483,-0.062,-0.081,-0.634,-0.087,-0.632
2016-08-11,736553.4167,-0.364,-0.050,-0.068,-0.416,-0.068,-0.418
2016-08-12,736554.4167,-0.105,-0.049,-0.060,-0.155,-0.062,-0.125
2016-08-13,736555.4167,-0.138,-0.050,-0.115,-0.207,-0.116,-0.203
2016-08-14,736556.4167,-0.042,-0.021,-0.078,-0.151,-0.085,-0.111
2016-08-15,736557.4167,-0.054,-0.050,-0.080,-0.151,-0.087,-0.129
2016-08-16,736558.4167,-0.253,-0.055,-0.106,-0.368,-0.100,-0.349
2016-08-17,736559.4167,-0.332,-0.040,-0.088,-0.464,-0.080,-0.457
2016-08-18,736560.4167,-0.327,-0.001,-0.039,-0.509,-0.024,-0.483
2016-08-19,736561.4167,-0.433,-0.031,-0.037,-0.557,-0.037,-0.550
2016-08-20,736562.4167,-0.425,-0.013,-0.035,-0.491,-0.040,-0.499
2016-08-21,736563.4167,-0.159,-0.014,-0.069,-0.209,-0.066,-0.201
2016-08-22,736564.4167, 0.020,-0.045,-0.041,-0.033,-0.040,-0.035
2016-08-23,736565.4167, 0.168, 0.047, 0.026, 0.142, 0.028, 0.145
2016-08-24,736566.4167, 0.213, 0.031, 0.026, 0.248, 0.028, 0.246
2016-08-25,736567.4167, 0.244,-0.038,-0.065, 0.307,-0.067, 0.304
2016-08-26,736568.4167, 0.086,-0.096,-0.138, 0.069,-0.138, 0.067
2016-08-27,736569.4167,-0.148,-0.087,-0.140,-0.167,-0.141,-0.168
2016-08-28,736570.4167,-0.244, 0.017,-0.031,-0.267,-0.021,-0.267
2016-08-29,736571.4167,-0.194,-0.004,-0.016,-0.173,-0.014,-0.172
2016-08-30,736572.4167,-0.262,-0.041, 0.063,-0.324, 0.050,-0.311
2016-08-31,736573.4167,-0.227,-0.019,-0.024,-0.260,-0.025,-0.259
2016-09-01,736574.4167,-0.249,-0.011, 0.071,-0.361, 0.057,-0.350
2016-09-02,736575.4167,-0.140,-0.074,-0.079,-0.255,-0.076,-0.250
2016-09-03,736576.4167,-0.129,-0.034,-0.047,-0.171,-0.054,-0.178
2016-09-04,736577.4167,-0.036,-0.033,-0.014,-0.123,-0.012,-0.121
2016-09-05,736578.4167, 0.005,-0.026,-0.003,-0.069,-0.002,-0.057
2016-09-06,736579.4167,-0.038,-0.064,-0.067,-0.104,-0.069,-0.089
2016-09-07,736580.4167,-0.063,-0.037,-0.071,-0.234,-0.065,-0.207
2016-09-08,736581.4167,-0.161,-0.032,-0.036,-0.284,-0.037,-0.276
2016-09-09,736582.4167,-0.291,-0.017, 0.083,-0.460, 0.067,-0.440
2016-09-10,736583.4167,-0.279, 0.017, 0.005,-0.292,-0.007,-0.305
2016-09-11,736584.4167,-0.173,-0.011,-0.049,-0.225,-0.044,-0.219
2016-09-12,736585.4167,-0.052,-0.040,-0.048,-0.117,-0.051,-0.105
2016-09-13,736586.4167, 0.037, 0.012, 0.024,-0.027, 0.027,-0.028
2016-09-14,736587.4167,-0.056, 0.018, 0.075,-0.108, 0.058,-0.117
2016-09-15,736588.4167,-0.121,-0.009, 0.039,-0.212, 0.030,-0.207
2016-09-16,736589.4167,-0.103,-0.003, 0.004,-0.165, 0.003,-0.172
2016-09-17,736590.4167,-0.071,-0.004, 0.044,-0.114, 0.036,-0.108
2016-09-18,736591.4167,-0.243, 0.010,-0.025,-0.289,-0.031,-0.296
2016-09-19,736592.4167,-0.133,-0.021,-0.074,-0.312,-0.073,-0.323
2016-09-20,736593.4167, 0.040,-0.033, 0.001, 0.058,-0.031, 0.043
2016-09-21,736594.4167,-0.090,-0.020, 0.002,-0.036,-0.021,-0.049
2016-09-22,736595.4167, 0.076, 0.037, 0.017, 0.162, 0.003, 0.132
2016-09-23,736596.4167, 0.159, 0.023, 0.008, 0.204, 0.007, 0.200
2016-09-24,736597.4167,-0.135,-0.002,-0.005,-0.137,-0.005,-0.136
2016-09-25,736598.4167,-0.378, 0.032,-0.016,-0.448,-0.015,-0.442
2016-09-26,736599.4167,-0.266,-0.075,-0.140,-0.410,-0.135,-0.404
2016-09-27,736600.4167, 0.134,-0.029,-0.007, 0.135,-0.016, 0.120
2016-09-28,736601.4167, 0.036, 0.027, 0.083,-0.026, 0.083,-0.006
2016-09-29,736602.4167,-0.333, 0.050, 0.078,-0.394, 0.073,-0.387
2016-09-30,736603.4167,-0.409,-0.074,-0.095,-0.531,-0.095,-0.526
2016-10-01,736604.4167,-0.158,-0.001, 0.031,-0.147, 0.023,-0.149
2016-10-02,736605.4167,-0.059,-0.003, 0.052,-0.097, 0.051,-0.090
2016-10-03,736606.4167,-0.221,-0.010, 0.001,-0.243,-0.005,-0.240
2016-10-04,736607.4167,-0.395,-0.010, 0.018,-0.352, 0.010,-0.349
2016-10-05,736608.4167,-0.286,-0.086,-0.214,-0.454,-0.210,-0.440
2016-10-06,736609.4167,-0.264, 0.047, 0.025,-0.415, 0.029,-0.400
2016-10-07,736610.4167,-0.264, 0.073, 0.072,-0.419, 0.070,-0.391
2016-10-08,736611.4167,-0.249, 0.009,-0.127,-0.408,-0.079,-0.397
2016-10-09,736612.4167,-0.488,-0.018, 0.045,-0.743, 0.038,-0.724
2016-10-10,736613.4167,-0.541,-0.028,-0.062,-0.694,-0.063,-0.690
2016-10-11,736614.4167,-0.359, 0.020,-0.041,-0.452,-0.026,-0.451
2016-10-12,736615.4167,-0.435, 0.025,-0.062,-0.548,-0.060,-0.553
2016-10-13,736616.4167,-0.459,-0.010,-0.091,-0.715,-0.085,-0.729
2016-10-14,736617.4167,-0.264,-0.072,-0.087,-0.433,-0.087,-0.428
2016-10-15,736618.4167,-0.386,-0.038, 0.012,-0.415,-0.001,-0.409
2016-10-16,736619.4167,-0.783,-0.073,-0.045,-0.949,-0.066,-1.029
2016-10-17,736620.4167,-0.583,-0.032,-0.008,-0.606,-0.040,-0.666
2016-10-18,736621.4167,-0.668,-0.038,-0.089,-0.880,-0.114,-0.921
2016-10-19,736622.4167,-0.477,-0.015,-0.078,-0.703,-0.053,-0.690
2016-10-20,736623.4167,-0.593,-0.056,-0.086,-0.813,-0.090,-0.819
2016-10-21,736624.4167,-0.770,-0.094,-0.116,-1.048,-0.134,-1.089
2016-10-22,736625.4167,-0.415,-0.053,-0.187,-0.570,-0.188,-0.581
2016-10-23,736626.4167,-0.110,-0.031,-0.122,-0.212,-0.117,-0.223
2016-10-24,736627.4167,-0.171, 0.005,-0.022,-0.290,-0.016,-0.301
2016-10-25,736628.4167,-0.155, 0.011, 0.055,-0.301, 0.051,-0.278
2016-10-26,736629.4167,-0.246,-0.033,-0.007,-0.356,-0.007,-0.343
2016-10-27,736630.4167,-0.383,-0.034,-0.085,-0.540,-0.074,-0.540
2016-10-28,736631.4167,-0.399,-0.051,-0.045,-0.501,-0.046,-0.488
2016-10-29,736632.4167,-0.393,-0.069,-0.056,-0.583,-0.063,-0.553
2016-10-30,736633.4167,-0.178,-0.024, 0.012,-0.197,-0.001,-0.203
2016-10-31,736634.4167,-0.147,-0.017,-0.027,-0.195,-0.021,-0.192
2016-11-01,736635.4167,-0.177,-0.020,-0.001,-0.214, 0.002,-0.209
2016-11-02,736636.4167,-0.366,-0.040,-0.031,-0.414,-0.025,-0.410
2016-11-03,736637.4167,-0.174, 0.006, 0.008,-0.239, 0.006,-0.235
2016-11-04,736638.4167,-0.075,-0.037, 0.014,-0.210, 0.003,-0.186
2016-11-05,736639.4167,-0.064,-0.015,-0.013,-0.098,-0.016,-0.109
2016-11-06,736640.4167, 0.093,-0.061, 0.024, 0.088,-0.003, 0.094
2016-11-07,736641.4167,-0.247,-0.084,-0.021,-0.292,-0.070,-0.309
2016-11-08,736642.4167,-0.318,-0.024,-0.095,-0.361,-0.082,-0.376
2016-11-09,736643.4167,-0.323,-0.040,-0.023,-0.345,-0.028,-0.353
2016-11-10,736644.4167,-0.493,-0.060,-0.032,-0.476,-0.046,-0.504
2016-11-11,736645.4167,-0.469,-0.027, 0.018,-0.479, 0.003,-0.478
2016-11-12,736646.4167,-0.422, 0.007,-0.020,-0.423,-0.041,-0.459
2016-11-13,736647.4167,-0.411, 0.011, 0.029,-0.410, 0.008,-0.422
2016-11-14,736648.4167,-0.252, 0.056,-0.015,-0.296,-0.011,-0.310
2016-11-15,736649.4167,-0.080, 0.012, 0.032,-0.165, 0.034,-0.175
2016-11-16,736650.4167,-0.088, 0.027, 0.018,-0.166, 0.023,-0.177
2016-11-17,736651.4167,-0.026, 0.009, 0.084,-0.186, 0.073,-0.182
2016-11-18,736652.4167,-0.223, 0.032, 0.027,-0.301, 0.010,-0.308
2016-11-19,736653.4167,-0.083, 0.001,-0.011,-0.246,-0.001,-0.247
2016-11-20,736654.4167,-0.182,-0.015, 0.015,-0.296, 0.001,-0.299
2016-11-21,736655.4167,-0.369, 0.014, 0.056,-0.473, 0.025,-0.474
2016-11-22,736656.4167,-0.348, 0.009, 0.053,-0.456, 0.001,-0.444
2016-11-23,736657.4167,-0.189, 0.078, 0.016,-0.290, 0.019,-0.301
2016-11-24,736658.4167,-0.021,-0.016, 0.032,-0.195, 0.022,-0.192
2016-11-25,736659.4167,-0.022,-0.007, 0.001,-0.151, 0.013,-0.159
2016-11-26,736660.4167, 0.136, 0.028, 0.045, 0.011, 0.046, 0.028
2016-11-27,736661.4167, 0.147, 0.061, 0.126, 0.042, 0.132, 0.059
2016-11-28,736662.4167, 0.096, 0.051, 0.079,-0.006, 0.074, 0.005
2016-11-29,736663.4167, 0.053, 0.054, 0.028,-0.062, 0.059,-0.062
2016-11-30,736664.4167,-0.069, 0.023, 0.086,-0.173, 0.075,-0.157
2016-12-01,736665.4167,-0.277,-0.010,-0.017,-0.333,-0.039,-0.327
2016-12-02,736666.4167,-0.161,-0.049,-0.127,-0.303,-0.102,-0.307
2016-12-03,736667.4167,-0.044,-0.006,-0.039,-0.120,-0.034,-0.133
2016-12-04,736668.4167,-0.029, 0.035, 0.069,-0.082, 0.063,-0.083
2016-12-05,736669.4167,-0.151, 0.015,-0.031,-0.197,-0.007,-0.206
2016-12-06,736670.4167,-0.154, 0.042, 0.015,-0.227, 0.015,-0.210
2016-12-07,736671.4167,-0.217,-0.058,-0.029,-0.322,-0.070,-0.331
2016-12-08,736672.4167,-0.145,-0.002,-0.016,-0.227,-0.048,-0.236
2016-12-09,736673.4167,-0.070, 0.000,-0.024,-0.239,-0.020,-0.249
2016-12-10,736674.4167, 0.171, 0.014, 0.070, 0.014, 0.072, 0.035
2016-12-11,736675.4167,-0.060, 0.020, 0.078,-0.201, 0.063,-0.183
2016-12-12,736676.4167,-0.183, 0.050, 0.102,-0.343, 0.083,-0.325
2016-12-13,736677.4167,-0.340, 0.019, 0.028,-0.508,-0.010,-0.519
2016-12-14,736678.4167,-0.299,-0.021,-0.087,-0.499,-0.070,-0.512
2016-12-15,736679.4167,-0.142, 0.021, 0.006,-0.251, 0.010,-0.257
2016-12-16,736680.4167,-0.112,-0.006,-0.031,-0.180,-0.029,-0.180
2016-12-17,736681.4167, 0.001,-0.021,-0.097,-0.043,-0.088,-0.048
2016-12-18,736682.4167, 0.110,-0.065,-0.050, 0.131,-0.037, 0.136
2016-12-19,736683.4167,-0.040,-0.016, 0.106,-0.023, 0.060,-0.015
2016-12-20,736684.4167,-0.413,-0.016,-0.060,-0.414,-0.090,-0.439
2016-12-21,736685.4167,-0.221, 0.051, 0.045,-0.315, 0.049,-0.282
2016-12-22,736686.4167,-0.190, 0.035, 0.014,-0.267, 0.006,-0.272
2016-12-23,736687.4167,-0.392,-0.039,-0.045,-0.579,-0.059,-0.558
2016-12-24,736688.4167,-0.143,-0.081,-0.131,-0.245,-0.133,-0.255
2016-12-25,736689.4167,-0.142, 0.020, 0.108,-0.189, 0.077,-0.181
2016-12-26,736690.4167,-0.569,-0.012, 0.024,-0.768,-0.001,-0.835
2016-12-27,736691.4167,-0.417,-0.054,-0.101,-0.633,-0.096,-0.589
2016-12-28,736692.4167,-0.334,-0.058,-0.039,-0.568,-0.042,-0.541
2016-12-29,736693.4167,-0.201,-0.010,-0.066,-0.404,-0.068,-0.375
2016-12-30,736694.4167,-0.124, 0.023, 0.009,-0.277,-0.016,-0.245
2016-12-31,736695.4167,-0.141,-0.021,-0.059,-0.220,-0.059,-0.222
2017-01-01,736696.4167,-0.209,-0.015,-0.078,-0.363,-0.059,-0.356
2017-01-02,736697.4167,-0.157, 0.013,-0.069,-0.361,-0.039,-0.365
2017-01-03,736698.4167,-0.061,-0.007,-0.065,-0.268,-0.054,-0.264
2017-01-04,736699.4167,-0.054, 0.001, 0.030,-0.216, 0.023,-0.189
2017-01-05,736700.4167,-0.031,-0.027,-0.038,-0.131,-0.047,-0.123
2017-01-06,736701.4167,-0.035,-0.035,-0.065,-0.122,-0.075,-0.117
2017-01-07,736702.4167,-0.072,-0.032,-0.002,-0.115,-0.029,-0.124
2017-01-08,736703.4167,-0.114,-0.015,-0.019,-0.184,-0.035,-0.180
2017-01-09,736704.4167,-0.063, 0.008, 0.015,-0.151, 0.016,-0.147
2017-01-10,736705.4167,-0.054, 0.008,-0.022,-0.164,-0.040,-0.171
2017-01-11,736706.4167,-0.029, 0.005,-0.031,-0.099,-0.027,-0.083
2017-01-12,736707.4167, 0.022, 0.023, 0.010,-0.020,-0.012,-0.022
2017-01-13,736708.4167, 0.006, 0.006,-0.008,-0.051,-0.037,-0.066
2017-01-14,736709.4167,-0.018,-0.012,-0.055,-0.149,-0.072,-0.152
2017-01-15,736710.4167, 0.124, 0.006, 0.030, 0.043, 0.007, 0.047
2017-01-16,736711.4167, 0.008,-0.026, 0.026,-0.037,-0.012,-0.039
2017-01-17,736712.4167,-0.029,-0.018,-0.065,-0.128,-0.076,-0.134
2017-01-18,736713.4167, 0.069, 0.006,-0.099,-0.120,-0.060,-0.088
2017-01-19,736714.4167, 0.031,-0.001, 0.021,-0.065,-0.008,-0.062
2017-01-20,736715.4167,-0.041, 0.008,-0.052,-0.148,-0.060,-0.157
2017-01-21,736716.4167, 0.126, 0.038, 0.037, 0.082, 0.053, 0.118
2017-01-22,736717.4167, 0.165, 0.038, 0.014, 0.156, 0.034, 0.160
2017-01-23,736718.4167,-0.026,-0.016, 0.023,-0.036,-0.004,-0.048
2017-01-24,736719.4167,-0.038, 0.015,-0.079,-0.089,-0.071,-0.074
2017-01-25,736720.4167, 0.058, 0.022,-0.025, 0.066,-0.014, 0.073
2017-01-26,736721.4167, 0.084, 0.024,-0.010, 0.029, 0.013, 0.049
2017-01-27,736722.4167, 0.007,-0.003, 0.033,-0.028, 0.021,-0.014
2017-01-28,736723.4167, 0.030,-0.033,-0.040,-0.091,-0.050,-0.084
2017-01-29,736724.4167, 0.136,-0.018,-0.028, 0.085,-0.048, 0.099
2017-01-30,736725.4167, 0.166, 0.032, 0.080, 0.161, 0.057, 0.151
2017-01-31,736726.4167, 0.170, 0.045, 0.013, 0.148, 0.021, 0.163
2017-02-01,736727.4167, 0.165, 0.048, 0.050, 0.215, 0.044, 0.226
2017-02-02,736728.4167, 0.076, 0.030, 0.083, 0.121, 0.079, 0.142
2017-02-03,736729.4167, 0.026, 0.013, 0.025, 0.057, 0.032, 0.053
2017-02-04,736730.4167,-0.041,-0.019,-0.013,-0.045,-0.035,-0.051
2017-02-05,736731.4167,-0.173,-0.021,-0.004,-0.164,-0.037,-0.166
2017-02-06,736732.4167,-0.143, 0.029,-0.029,-0.161,-0.001,-0.144
2017-02-07,736733.4167,-0.162, 0.056,-0.008,-0.204, 0.019,-0.186
2017-02-08,736734.4167,-0.393,-0.084,-0.072,-0.427,-0.074,-0.430
2017-02-09,736735.4167,-0.493,-0.143,-0.201,-0.585,-0.221,-0.620
2017-02-10,736736.4167,-0.456,-0.148,-0.153,-0.507,-0.173,-0.547
2017-02-11,736737.4167,-0.452,-0.161,-0.155,-0.465,-0.209,-0.564
2017-02-12,736738.4167,-0.469,-0.161,-0.276,-0.707,-0.287,-0.712
2017-02-13,736739.4167,-0.257,-0.055,-0.151,-0.428,-0.127,-0.390
2017-02-14,736740.4167,-0.322,-0.050,-0.106,-0.582,-0.073,-0.505
2017-02-15,736741.4167,-0.425,-0.114,-0.194,-0.714,-0.218,-0.734
2017-02-16,736742.4167,-0.437,-0.158,-0.219,-0.719,-0.269,-0.757
2017-02-17,736743.4167,-0.403,-0.112,-0.204,-0.665,-0.199,-0.648
2017-02-18,736744.4167,-0.363,-0.096,-0.271,-0.630,-0.254,-0.608
2017-02-19,736745.4167,-0.282,-0.064,-0.201,-0.491,-0.188,-0.464
2017-02-20,736746.4167,-0.389,-0.099,-0.220,-0.664,-0.227,-0.665
2017-02-21,736747.4167,-0.473,-0.135,-0.287,-0.852,-0.283,-0.837
2017-02-22,736748.4167,-0.480,-0.171,-0.279,-0.748,-0.320,-0.808
2017-02-23,736749.4167,-0.462,-0.153,-0.191,-0.575,-0.261,-0.680
2017-02-24,736750.4167,-0.420,-0.096,-0.251,-0.736,-0.244,-0.723
2017-02-25,736751.4167,-0.308,-0.063,-0.304,-0.721,-0.227,-0.649
2017-02-26,736752.4167,-0.264,-0.056,-0.207,-0.549,-0.186,-0.527
2017-02-27,736753.4167,-0.220,-0.046,-0.142,-0.405,-0.124,-0.391
2017-02-28,736754.4167,-0.247,-0.060,-0.128,-0.428,-0.117,-0.414
2017-03-01,736755.4167,-0.264,-0.110,-0.180,-0.375,-0.173,-0.365
2017-03-02,736756.4167,-0.134,-0.094,-0.184,-0.192,-0.173,-0.184
2017-03-03,736757.4167,-0.003, 0.070, 0.097,-0.006, 0.082,-0.002
2017-03-04,736758.4167, 0.011, 0.050, 0.060,-0.021, 0.065,-0.016
2017-03-05,736759.4167, 0.118, 0.083, 0.084, 0.139, 0.090, 0.146
2017-03-06,736760.4167, 0.204, 0.047,-0.011, 0.287,-0.003, 0.273
2017-03-07,736761.4167, 0.079,-0.012,-0.042, 0.093,-0.038, 0.097
2017-03-08,736762.4167,-0.038,-0.012,-0.023, 0.021,-0.020, 0.019
2017-03-09,736763.4167,-0.046, 0.029, 0.050,-0.013, 0.058,-0.014
2017-03-10,736764.4167,-0.049, 0.051, 0.107,-0.023, 0.115,-0.025
2017-03-11,736765.4167,-0.129,-0.005, 0.006,-0.084, 0.004,-0.094
2017-03-12,736766.4167,-0.124,-0.022, 0.040,-0.144, 0.025,-0.143
2017-03-13,736767.4167,-0.119,-0.034,-0.032,-0.215,-0.027,-0.210
2017-03-14,736768.4167,-0.038,-0.005, 0.022,-0.139, 0.020,-0.137
2017-03-15,736769.4167,-0.084,-0.015, 0.029,-0.192, 0.032,-0.182
2017-03-16,736770.4167,-0.137,-0.007,-0.010,-0.210,-0.022,-0.210
2017-03-17,736771.4167,-0.008,-0.011,-0.094,-0.047,-0.094,-0.053
2017-03-18,736772.4167, 0.021,-0.003, 0.003, 0.028, 0.031, 0.036
2017-03-19,736773.4167,-0.068,-0.023, 0.013,-0.037, 0.001,-0.032
2017-03-20,736774.4167,-0.086,-0.005, 0.073,-0.074, 0.043,-0.080
2017-03-21,736775.4167,-0.157,-0.019,-0.019,-0.181,-0.027,-0.181
2017-03-22,736776.4167,-0.152,-0.044,-0.162,-0.206,-0.156,-0.213
2017-03-23,736777.4167, 0.064,-0.030,-0.092, 0.068,-0.061, 0.075
2017-03-24,736778.4167, 0.120, 0.005,-0.009, 0.092,-0.006, 0.102
2017-03-25,736779.4167, 0.088, 0.007, 0.011, 0.085,-0.005, 0.066
2017-03-26,736780.4167, 0.007, 0.010,-0.008,-0.029,-0.000,-0.022
2017-03-27,736781.4167,-0.004, 0.041, 0.101,-0.118, 0.076,-0.094
2017-03-28,736782.4167, 0.058, 0.036, 0.030,-0.013, 0.027,-0.013
2017-03-29,736783.4167, 0.220, 0.043, 0.060, 0.161, 0.054, 0.167
2017-03-30,736784.4167, 0.301, 0.014,-0.059, 0.223,-0.053, 0.237
2017-03-31,736785.4167, 0.511, 0.044, 0.002, 0.669, 0.013, 0.704
2017-04-01,736786.4167, 0.522, 0.110, 0.144, 0.661, 0.168, 0.722
2017-04-02,736787.4167, 0.450, 0.092, 0.102, 0.633, 0.119, 0.665
2017-04-03,736788.4167, 0.414, 0.034, 0.025, 0.602, 0.037, 0.626
2017-04-04,736789.4167, 0.217, 0.081, 0.127, 0.487, 0.136, 0.489
2017-04-05,736790.4167,-0.058, 0.036, 0.068, 0.076, 0.078, 0.071
2017-04-06,736791.4167,-0.379,-0.010,-0.041,-0.431,-0.032,-0.432
2017-04-07,736792.4167,-0.478, 0.003,-0.041,-0.589,-0.023,-0.603
2017-04-08,736793.4167,-0.548,-0.001,-0.047,-0.710,-0.042,-0.733
2017-04-09,736794.4167,-0.632,-0.041,-0.032,-0.756,-0.054,-0.787
2017-04-10,736795.4167,-0.560,-0.034,-0.061,-0.673,-0.072,-0.688
2017-04-11,736796.4167,-0.404, 0.008,-0.036,-0.467,-0.033,-0.505
2017-04-12,736797.4167,-0.320,-0.044,-0.027,-0.344,-0.029,-0.371
2017-04-13,736798.4167,-0.440,-0.004,-0.048,-0.510,-0.038,-0.534
2017-04-14,736799.4167,-0.537,-0.003,-0.047,-0.636,-0.041,-0.652
2017-04-15,736800.4167,-0.677,-0.015,-0.053,-0.831,-0.044,-0.854
2017-04-16,736801.4167,-0.671,-0.014,-0.022,-0.803,-0.036,-0.870
2017-04-17,736802.4167,-0.733, 0.004, 0.015,-0.832,-0.001,-1.012
2017-04-18,736803.4167,-0.774,-0.021,-0.044,-0.680,-0.063,-0.976
2017-04-19,736804.4167,-0.826,-0.024,-0.064,-0.734,-0.051,-1.052
2017-04-20,736805.4167,-0.849,-0.008, 0.002,-0.734,-0.023,-1.099
2017-04-21,736806.4167,-0.722,-0.002, 0.063,-0.716, 0.012,-1.001
2017-04-22,736807.4167,-0.627,-0.002, 0.042,-0.679, 0.003,-0.804
2017-04-23,736808.4167,-0.521,-0.037,-0.023,-0.662,-0.026,-0.663
2017-04-24,736809.4167,-0.488, 0.008, 0.006,-0.662, 0.005,-0.647
2017-04-25,736810.4167,-0.552,-0.002, 0.060,-0.777, 0.051,-0.773
2017-04-26,736811.4167,-0.476, 0.022, 0.002,-0.612,-0.000,-0.618
2017-04-27,736812.4167,-0.173,-0.003,-0.040,-0.213,-0.040,-0.237
2017-04-28,736813.4167,-0.015,-0.031,-0.000,-0.084,-0.004,-0.086
2017-04-29,736814.4167,-0.182, 0.007, 0.035,-0.125, 0.032,-0.135
2017-04-30,736815.4167,-0.047,-0.009,-0.032,-0.066,-0.020,-0.072
2017-05-01,736816.4167,-0.220,-0.029,-0.004,-0.264,-0.018,-0.275
2017-05-02,736817.4167,-0.227, 0.018,-0.022,-0.226,-0.019,-0.243
2017-05-03,736818.4167,-0.037, 0.031, 0.040,-0.113, 0.046,-0.105
2017-05-04,736819.4167,-0.090, 0.039, 0.093,-0.189, 0.089,-0.174
2017-05-05,736820.4167,-0.169, 0.018, 0.049,-0.303, 0.046,-0.298
2017-05-06,736821.4167,-0.231, 0.045, 0.087,-0.416, 0.085,-0.405
2017-05-07,736822.4167,-0.267,-0.007,-0.045,-0.397,-0.042,-0.399
2017-05-08,736823.4167,-0.191, 0.079, 0.109,-0.317, 0.108,-0.316
2017-05-09,736824.4167, 0.071, 0.064, 0.160,-0.054, 0.150,-0.044
2017-05-10,736825.4167, 0.165, 0.026, 0.056, 0.176, 0.053, 0.175
2017-05-11,736826.4167, 0.209, 0.062, 0.087, 0.208, 0.091, 0.217
2017-05-12,736827.4167, 0.064, 0.026,-0.015, 0.037,-0.014, 0.044
2017-05-13,736828.4167,-0.225, 0.031, 0.065,-0.217, 0.059,-0.216
2017-05-14,736829.4167,-0.245, 0.029, 0.029,-0.296, 0.031,-0.297
2017-05-15,736830.4167,-0.128, 0.018,-0.004,-0.186,-0.007,-0.191
2017-05-16,736831.4167,-0.111, 0.038, 0.039,-0.205, 0.037,-0.205
2017-05-17,736832.4167,-0.095, 0.069, 0.108,-0.226, 0.110,-0.215
2017-05-18,736833.4167,-0.149, 0.041, 0.097,-0.289, 0.099,-0.279
2017-05-19,736834.4167,-0.305, 0.031, 0.058,-0.278, 0.044,-0.270
2017-05-20,736835.4167,-0.220,-0.083,-0.057,-0.307,-0.061,-0.295
2017-05-21,736836.4167,-0.168,-0.037,-0.086,-0.260,-0.078,-0.259
2017-05-22,736837.4167,-0.139, 0.012, 0.022,-0.168, 0.023,-0.167
2017-05-23,736838.4167,-0.332, 0.010, 0.041,-0.393, 0.029,-0.393
2017-05-24,736839.4167,-0.188,-0.016,-0.039,-0.211,-0.038,-0.210
2017-05-25,736840.4167, 0.077,-0.027,-0.029, 0.087,-0.033, 0.084
2017-05-26,736841.4167, 0.159,-0.020,-0.054, 0.138,-0.056, 0.133
2017-05-27,736842.4167, 0.070, 0.000, 0.052,-0.035, 0.053,-0.031
2017-05-28,736843.4167, 0.018, 0.021, 0.097,-0.021, 0.084,-0.019
2017-05-29,736844.4167, 0.004, 0.053, 0.124, 0.018, 0.120, 0.021
2017-05-30,736845.4167, 0.122, 0.048,-0.012, 0.132,-0.001, 0.137
2017-05-31,736846.4167, 0.201,-0.043,-0.150, 0.239,-0.156, 0.255
2017-06-01,736847.4167, 0.265,-0.008,-0.031, 0.225,-0.033, 0.232
2017-06-02,736848.4167, 0.195, 0.050, 0.024, 0.145, 0.025, 0.153
2017-06-03,736849.4167, 0.155,-0.025,-0.128, 0.127,-0.122, 0.126
2017-06-04,736850.4167,-0.031,-0.049,-0.114,-0.118,-0.101,-0.116
2017-06-05,736851.4167,-0.179, 0.050, 0.065,-0.141, 0.066,-0.147
2017-06-06,736852.4167,-0.190, 0.004, 0.015,-0.209, 0.010,-0.212
2017-06-07,736853.4167, 0.182, 0.004,-0.063, 0.109,-0.069, 0.104
2017-06-08,736854.4167, 0.084, 0.020, 0.032,-0.013, 0.035,-0.006
2017-06-09,736855.4167,-0.066, 0.054, 0.065,-0.097, 0.061,-0.089
2017-06-10,736856.4167,-0.173, 0.064, 0.052,-0.177, 0.056,-0.176
2017-06-11,736857.4167,-0.214, 0.007, 0.005,-0.277, 0.005,-0.272
2017-06-12,736858.4167,-0.146, 0.016, 0.000,-0.194,-0.003,-0.184
2017-06-13,736859.4167, 0.007,-0.029,-0.035,-0.074,-0.034,-0.065
2017-06-14,736860.4167,-0.011, 0.045, 0.087,-0.110, 0.088,-0.097
2017-06-15,736861.4167,-0.143, 0.051, 0.092,-0.216, 0.089,-0.214
2017-06-16,736862.4167,-0.034,-0.019, 0.035,-0.086, 0.023,-0.074
2017-06-17,736863.4167, 0.009,-0.019,-0.011,-0.024,-0.004,-0.023
2017-06-18,736864.4167, 0.070, 0.001,-0.128, 0.041,-0.085, 0.036
2017-06-19,736865.4167, 0.253,-0.029,-0.104, 0.184,-0.096, 0.184
2017-06-20,736866.4167, 0.318,-0.035,-0.005, 0.238, 0.020, 0.272
2017-06-21,736867.4167, 0.208,-0.004,-0.062, 0.148,-0.062, 0.148
2017-06-22,736868.4167, 0.124,-0.005,-0.006, 0.084,-0.006, 0.080
2017-06-23,736869.4167, 0.048,-0.004, 0.059, 0.015, 0.043, 0.014
2017-06-24,736870.4167,-0.075, 0.010, 0.042,-0.112, 0.041,-0.111
2017-06-25,736871.4167,-0.025, 0.018, 0.081,-0.096, 0.079,-0.092
2017-06-26,736872.4167,-0.274,-0.013, 0.001,-0.344, 0.001,-0.345
2017-06-27,736873.4167,-0.258,-0.019,-0.085,-0.431,-0.070,-0.416
2017-06-28,736874.4167,-0.159,-0.045,-0.082,-0.286,-0.086,-0.284
2017-06-29,736875.4167,-0.035,-0.026,-0.035,-0.046,-0.032,-0.045
2017-06-30,736876.4167,-0.019, 0.010, 0.013,-0.029, 0.016,-0.015
2017-07-01,736877.4167,-0.065, 0.011, 0.013,-0.095, 0.012,-0.090
2017-07-02,736878.4167,-0.293, 0.030, 0.052,-0.361, 0.050,-0.357
2017-07-03,736879.4167,-0.236,-0.000, 0.033,-0.216, 0.026,-0.218
2017-07-04,736880.4167,-0.158,-0.044,-0.032,-0.228,-0.033,-0.216
2017-07-05,736881.4167,-0.351, 0.003,-0.021,-0.438,-0.026,-0.434
2017-07-06,736882.4167,-0.064, 0.010,-0.013,-0.122,-0.010,-0.122
2017-07-07,736883.4167,-0.067,-0.060,-0.047,-0.111,-0.046,-0.102
2017-07-08,736884.4167, 0.045, 0.009, 0.032, 0.035, 0.032, 0.033
2017-07-09,736885.4167,-0.058,-0.022,-0.009,-0.109,-0.009,-0.107
2017-07-10,736886.4167,-0.154, 0.003,-0.041,-0.190,-0.038,-0.194
2017-07-11,736887.4167,-0.325, 0.042,-0.003,-0.480, 0.003,-0.482
2017-07-12,736888.4167,-0.263,-0.036,-0.096,-0.415,-0.091,-0.414
2017-07-13,736889.4167,-0.212, 0.030, 0.068,-0.328, 0.065,-0.318
2017-07-14,736890.4167,-0.250,-0.041,-0.043,-0.287,-0.046,-0.287
2017-07-15,736891.4167,-0.169, 0.023, 0.000,-0.199, 0.001,-0.200
2017-07-16,736892.4167,-0.207, 0.043, 0.046,-0.238, 0.047,-0.237
2017-07-17,736893.4167,-0.490, 0.033, 0.040,-0.682, 0.041,-0.676
2017-07-18,736894.4167,-0.104,-0.068,-0.088,-0.148,-0.092,-0.147
2017-07-19,736895.4167,-0.080, 0.040, 0.024,-0.039, 0.017,-0.041
2017-07-20,736896.4167,-0.327,-0.011,-0.027,-0.409,-0.028,-0.416
2017-07-21,736897.4167,-0.135,-0.044,-0.072,-0.204,-0.072,-0.206
2017-07-22,736898.4167,-0.215,-0.034,-0.043,-0.307,-0.042,-0.306
2017-07-23,736899.4167,-0.198,-0.046,-0.030,-0.154,-0.034,-0.155
2017-07-24,736900.4167,-0.198,-0.027,-0.031,-0.202,-0.035,-0.211
2017-07-25,736901.4167,-0.194,-0.018,-0.007,-0.214,-0.014,-0.210
2017-07-26,736902.4167,-0.150, 0.038, 0.034,-0.130, 0.032,-0.135
2017-07-27,736903.4167,-0.168, 0.042, 0.087,-0.254, 0.084,-0.246
2017-07-28,736904.4167,-0.323,-0.016,-0.088,-0.447,-0.086,-0.451
2017-07-29,736905.4167,-0.213, 0.016, 0.081,-0.331, 0.069,-0.330
2017-07-30,736906.4167,-0.469, 0.046, 0.027,-0.575, 0.029,-0.571
2017-07-31,736907.4167,-0.226,-0.062,-0.062,-0.332,-0.064,-0.334
2017-08-01,736908.4167, 0.164,-0.087,-0.105, 0.143,-0.104, 0.134
2017-08-02,736909.4167, 0.102, 0.052, 0.045, 0.081, 0.050, 0.087
2017-08-03,736910.4167,-0.234, 0.045, 0.080,-0.247, 0.079,-0.248
2017-08-04,736911.4167,-0.469, 0.020, 0.028,-0.568, 0.025,-0.571
2017-08-05,736912.4167,-0.523, 0.005, 0.065,-0.510, 0.036,-0.598
2017-08-06,736913.4167,-0.406,-0.009, 0.036,-0.489, 0.023,-0.501
2017-08-07,736914.4167,-0.409, 0.042, 0.084,-0.433, 0.075,-0.444
2017-08-08,736915.4167,-0.441, 0.026,-0.028,-0.675,-0.031,-0.692
2017-08-09,736916.4167,-0.391, 0.052, 0.037,-0.633, 0.040,-0.629
2017-08-10,736917.4167,-0.497, 0.033, 0.027,-0.706, 0.024,-0.699
2017-08-11,736918.4167,-0.570, 0.014,-0.005,-0.715,-0.013,-0.763
2017-08-12,736919.4167,-0.486, 0.040, 0.027,-0.674, 0.026,-0.692
2017-08-13,736920.4167,-0.432, 0.092, 0.109,-0.585, 0.109,-0.580
2017-08-14,736921.4167,-0.443, 0.087, 0.089,-0.572, 0.091,-0.571
2017-08-15,736922.4167,-0.428, 0.027, 0.031,-0.602, 0.030,-0.602
2017-08-16,736923.4167,-0.400,-0.026,-0.049,-0.487,-0.054,-0.495
2017-08-17,736924.4167,-0.679, 0.025, 0.071,-0.757, 0.044,-0.864
2017-08-18,736925.4167,-0.401, 0.023,-0.052,-0.505,-0.060,-0.528
2017-08-19,736926.4167, 0.077, 0.026,-0.086,-0.052,-0.068,-0.048
2017-08-20,736927.4167, 0.062, 0.086, 0.081,-0.051, 0.097,-0.048
2017-08-21,736928.4167,-0.339, 0.021, 0.003,-0.369,-0.005,-0.395
2017-08-22,736929.4167,-0.512,-0.040,-0.069,-0.611,-0.074,-0.639
2017-08-23,736930.4167,-0.768, 0.007,-0.033,-0.829,-0.015,-0.966
2017-08-24,736931.4167,-0.533, 0.043,-0.041,-0.597,-0.034,-0.622
2017-08-25,736932.4167,-0.340, 0.033, 0.017,-0.455, 0.018,-0.458
2017-08-26,736933.4167,-0.471,-0.002, 0.008,-0.534, 0.002,-0.560
2017-08-27,736934.4167,-0.613, 0.059, 0.039,-0.655, 0.040,-0.698
2017-08-28,736935.4167,-0.328,-0.012,-0.036,-0.345,-0.033,-0.360
2017-08-29,736936.4167,-0.751, 0.001, 0.023,-0.820, 0.035,-0.930
2017-08-30,736937.4167,-0.566, 0.014,-0.072,-0.644,-0.073,-0.697
2017-08-31,736938.4167,-0.428, 0.048, 0.034,-0.443, 0.036,-0.456
2017-09-01,736939.4167,-0.576, 0.002, 0.023,-0.600, 0.016,-0.681
2017-09-02,736940.4167,-0.673,-0.018,-0.009,-0.680,-0.007,-0.779
2017-09-03,736941.4167,-0.682,-0.047, 0.042,-0.725, 0.018,-0.799
2017-09-04,736942.4167,-0.654,-0.051,-0.020,-0.728,-0.027,-0.781
2017-09-05,736943.4167,-0.442,-0.052, 0.011,-0.514,-0.005,-0.550
2017-09-06,736944.4167,-0.156,-0.066,-0.046,-0.169,-0.053,-0.171
2017-09-07,736945.4167,-0.163,-0.020, 0.047,-0.113, 0.041,-0.115
2017-09-08,736946.4167,-0.339,-0.002,-0.015,-0.295,-0.019,-0.308
2017-09-09,736947.4167,-0.487,-0.041,-0.039,-0.437,-0.046,-0.500
2017-09-10,736948.4167,-0.768,-0.028,-0.058,-0.664,-0.034,-0.831
2017-09-11,736949.4167,-0.913,-0.006,-0.060,-0.673, 0.001,-0.969
2017-09-12,736950.4167,-0.885,-0.028,-0.079,-0.592, 0.015,-0.969
2017-09-13,736951.4167,-0.607,-0.046,-0.013,-0.582,-0.039,-0.650
2017-09-14,736952.4167,-0.474,-0.096,-0.080,-0.426,-0.108,-0.482
2017-09-15,736953.4167,-0.483,-0.077,-0.082,-0.470,-0.098,-0.514
2017-09-16,736954.4167,-0.471,-0.033,-0.028,-0.457,-0.052,-0.498
2017-09-17,736955.4167,-0.421,-0.051,-0.029,-0.472,-0.035,-0.481
2017-09-18,736956.4167,-0.472,-0.055, 0.034,-0.583, 0.011,-0.594
2017-09-19,736957.4167,-0.483,-0.037,-0.075,-0.495,-0.087,-0.540
2017-09-20,736958.4167,-0.460,-0.017,-0.019,-0.495,-0.026,-0.522
2017-09-21,736959.4167,-0.773, 0.008,-0.002,-0.646, 0.030,-0.848
2017-09-22,736960.4167,-0.838, 0.068, 0.025,-0.773, 0.104,-1.025
2017-09-23,736961.4167,-0.785, 0.058, 0.055,-0.835, 0.065,-0.938
2017-09-24,736962.4167,-0.842, 0.017,-0.014,-0.803, 0.020,-1.003
2017-09-25,736963.4167,-0.692, 0.051, 0.069,-0.710, 0.066,-0.831
2017-09-26,736964.4167,-0.387, 0.102, 0.115,-0.506, 0.118,-0.525
2017-09-27,736965.4167,-0.433, 0.083, 0.156,-0.627, 0.153,-0.629
2017-09-28,736966.4167,-0.426, 0.027,-0.005,-0.497,-0.014,-0.507
2017-09-29,736967.4167,-0.256, 0.026, 0.063,-0.334, 0.037,-0.328
2017-09-30,736968.4167,-0.272, 0.037, 0.024,-0.342, 0.024,-0.347
2017-10-01,736969.4167,-0.136, 0.010, 0.038,-0.208, 0.040,-0.204
2017-10-02,736970.4167,-0.102,-0.023, 0.040,-0.225, 0.035,-0.208
2017-10-03,736971.4167,-0.188,-0.018,-0.017,-0.296,-0.014,-0.293
2017-10-04,736972.4167,-0.235,-0.009,-0.057,-0.340,-0.050,-0.333
2017-10-05,736973.4167,-0.318,-0.018, 0.024,-0.401, 0.001,-0.410
2017-10-06,736974.4167,-0.229,-0.012,-0.124,-0.324,-0.119,-0.333
2017-10-07,736975.4167,-0.008,-0.030,-0.084,-0.096,-0.078,-0.104
2017-10-08,736976.4167,-0.167, 0.026, 0.058,-0.324, 0.053,-0.307
2017-10-09,736977.4167,-0.234, 0.040,-0.003,-0.312, 0.004,-0.321
2017-10-10,736978.4167,-0.234, 0.003, 0.028,-0.341, 0.024,-0.327
2017-10-11,736979.4167,-0.261,-0.053, 0.006,-0.374,-0.003,-0.363
2017-10-12,736980.4167,-0.230, 0.021, 0.003,-0.320, 0.002,-0.320
2017-10-13,736981.4167,-0.087, 0.036, 0.016,-0.191, 0.015,-0.190
2017-10-14,736982.4167,-0.044, 0.014,-0.004,-0.144,-0.001,-0.144
2017-10-15,736983.4167,-0.225,-0.007, 0.008,-0.352, 0.004,-0.336
2017-10-16,736984.4167,-0.121,-0.004, 0.013,-0.144, 0.009,-0.140
2017-10-17,736985.4167,-0.164,-0.024, 0.015,-0.285, 0.010,-0.278
2017-10-18,736986.4167,-0.296,-0.031, 0.068,-0.448, 0.050,-0.440
2017-10-19,736987.4167,-0.423, 0.007, 0.082,-0.578, 0.066,-0.580
2017-10-20,736988.4167,-0.228, 0.017,-0.091,-0.292,-0.088,-0.301
2017-10-21,736989.4167,-0.175,-0.013,-0.013,-0.265,-0.006,-0.251
2017-10-22,736990.4167,-0.178, 0.016,-0.004,-0.220,-0.005,-0.205
2017-10-23,736991.4167,-0.183, 0.030, 0.046,-0.273, 0.042,-0.243
2017-10-24,736992.4167,-0.181,-0.008, 0.023,-0.335, 0.010,-0.314
2017-10-25,736993.4167,-0.143,-0.040,-0.083,-0.328,-0.072,-0.326
2017-10-26,736994.4167,-0.050,-0.019,-0.066,-0.132,-0.050,-0.140
2017-10-27,736995.4167,-0.085,-0.002,-0.025,-0.128,-0.024,-0.146
2017-10-28,736996.4167,-0.365, 0.073, 0.146,-0.510, 0.132,-0.500
2017-10-29,736997.4167,-0.378,-0.045,-0.097,-0.503,-0.094,-0.503
2017-10-30,736998.4167, 0.098,-0.046,-0.151, 0.122,-0.132, 0.108
2017-10-31,736999.4167, 0.168, 0.026,-0.041, 0.298,-0.045, 0.291
2017-11-01,737000.4167, 0.222, 0.029, 0.047, 0.345, 0.063, 0.323
2017-11-02,737001.4167, 0.259, 0.040, 0.076, 0.189, 0.070, 0.214
2017-11-03,737002.4167, 0.198, 0.047, 0.022, 0.192, 0.035, 0.221
2017-11-04,737003.4167, 0.175, 0.062, 0.063, 0.197, 0.070, 0.211
2017-11-05,737004.4167, 0.106, 0.036, 0.100, 0.136, 0.106, 0.147
2017-11-06,737005.4167, 0.066, 0.036, 0.050, 0.125, 0.048, 0.127
2017-11-07,737006.4167, 0.102, 0.033, 0.083, 0.194, 0.082, 0.182
2017-11-08,737007.4167, 0.073, 0.067, 0.110, 0.138, 0.115, 0.139
2017-11-09,737008.4167,-0.267, 0.039, 0.096,-0.297, 0.089,-0.295
2017-11-10,737009.4167,-0.387,-0.004,-0.005,-0.536,-0.005,-0.523
2017-11-11,737010.4167,-0.315,-0.012,-0.036,-0.324,-0.044,-0.315
2017-11-12,737011.4167,-0.369,-0.002,-0.012,-0.373,-0.014,-0.356
2017-11-13,737012.4167,-0.440, 0.003,-0.002,-0.461,-0.004,-0.458
2017-11-14,737013.4167,-0.550,-0.012,-0.006,-0.488,-0.015,-0.533
2017-11-15,737014.4167,-0.673,-0.042, 0.010,-0.695,-0.052,-0.817
2017-11-16,737015.4167,-0.747,-0.042, 0.033,-0.771,-0.034,-0.933
2017-11-17,737016.4167,-0.801,-0.050, 0.027,-0.747,-0.044,-0.925
2017-11-18,737017.4167,-0.731,-0.052, 0.017,-0.758,-0.027,-0.857
2017-11-19,737018.4167,-0.617,-0.026,-0.010,-0.649,-0.014,-0.681
2017-11-20,737019.4167,-0.614,-0.057,-0.105,-0.850,-0.113,-0.864
2017-11-21,737020.4167,-0.513,-0.043,-0.063,-0.857,-0.078,-0.831
2017-11-22,737021.4167,-0.468,-0.022,-0.052,-0.733,-0.050,-0.725
2017-11-23,737022.4167,-0.538,-0.048,-0.112,-0.853,-0.109,-0.832
2017-11-24,737023.4167,-0.563,-0.033,-0.102,-0.862,-0.098,-0.839
2017-11-25,737024.4167,-0.578,-0.054,-0.129,-0.852,-0.120,-0.870
2017-11-26,737025.4167,-0.613,-0.068,-0.215,-0.871,-0.194,-0.896
2017-11-27,737026.4167,-0.365,-0.077,-0.208,-0.636,-0.176,-0.596
2017-11-28,737027.4167,-0.233, 0.013,-0.027,-0.446,-0.018,-0.418
2017-11-29,737028.4167,-0.268, 0.077, 0.051,-0.452, 0.038,-0.417
2017-11-30,737029.4167,-0.280,-0.030,-0.013,-0.451,-0.043,-0.431
2017-12-01,737030.4167,-0.278,-0.047, 0.038,-0.431,-0.028,-0.405
2017-12-02,737031.4167,-0.271,-0.024, 0.023,-0.386,-0.014,-0.385
2017-12-03,737032.4167,-0.152,-0.001,-0.060,-0.243,-0.029,-0.233
2017-12-04,737033.4167, 0.017, 0.011,-0.073, 0.011,-0.064, 0.023
2017-12-05,737034.4167, 0.109,-0.016,-0.105, 0.099,-0.103, 0.098
2017-12-06,737035.4167, 0.002,-0.030,-0.046, 0.024,-0.051, 0.019
2017-12-07,737036.4167,-0.254,-0.029,-0.068,-0.263,-0.088,-0.319
2017-12-08,737037.4167,-0.289,-0.011,-0.165,-0.508,-0.132,-0.494
2017-12-09,737038.4167,-0.277, 0.003,-0.001,-0.342,-0.023,-0.334
2017-12-10,737039.4167,-0.314, 0.014, 0.024,-0.364, 0.016,-0.368
2017-12-11,737040.4167,-0.208, 0.009, 0.033,-0.331, 0.022,-0.327
2017-12-12,737041.4167,-0.169,-0.005, 0.023,-0.335, 0.011,-0.331
2017-12-13,737042.4167,-0.190,-0.017, 0.090,-0.387, 0.056,-0.355
2017-12-14,737043.4167,-0.239,-0.013, 0.019,-0.290,-0.010,-0.324
2017-12-15,737044.4167,-0.108,-0.022,-0.083,-0.238,-0.054,-0.228
2017-12-16,737045.4167,-0.093,-0.005,-0.016,-0.203,-0.026,-0.210
2017-12-17,737046.4167,-0.066, 0.003,-0.005,-0.143,-0.007,-0.130
2017-12-18,737047.4167,-0.007, 0.013, 0.016,-0.090, 0.013,-0.072
2017-12-19,737048.4167,-0.021, 0.016, 0.059,-0.084, 0.024,-0.082
2017-12-20,737049.4167, 0.061, 0.019,-0.013, 0.022,-0.010, 0.014
2017-12-21,737050.4167, 0.115,-0.004,-0.019, 0.048,-0.014, 0.068
2017-12-22,737051.4167, 0.063,-0.042,-0.165,-0.045,-0.133,-0.044
2017-12-23,737052.4167,-0.176,-0.012,-0.062,-0.316,-0.078,-0.319
2017-12-24,737053.4167,-0.023, 0.001,-0.148,-0.256,-0.114,-0.271
2017-12-25,737054.4167, 0.030,-0.004,-0.024,-0.163,-0.015,-0.168
2017-12-26,737055.4167,-0.080,-0.032,-0.018,-0.251,-0.010,-0.237
2017-12-27,737056.4167,-0.195,-0.053, 0.003,-0.283, 0.002,-0.263
2017-12-28,737057.4167,-0.193,-0.039, 0.010,-0.284,-0.001,-0.274
2017-12-29,737058.4167,-0.209,-0.043,-0.108,-0.310,-0.106,-0.310
2017-12-30,737059.4167,-0.267,-0.016,-0.173,-0.483,-0.134,-0.461
2017-12-31,737060.4167,-0.201, 0.002,-0.001,-0.332,-0.017,-0.315
2018-01-01,737061.4167,-0.105,-0.036,-0.121,-0.315,-0.096,-0.296
2018-01-02,737062.4167,-0.133,-0.014,-0.106,-0.309,-0.094,-0.308
2018-01-03,737063.4167,-0.119,-0.025,-0.128,-0.300,-0.097,-0.303
2018-01-04,737064.4167,-0.098,-0.061,-0.106,-0.162,-0.104,-0.155
2018-01-05,737065.4167,-0.126,-0.073,-0.106,-0.179,-0.104,-0.172
2018-01-06,737066.4167,-0.123,-0.062,-0.084,-0.180,-0.091,-0.179
2018-01-07,737067.4167,-0.095,-0.049,-0.124,-0.193,-0.103,-0.175
2018-01-08,737068.4167,-0.035,-0.023,-0.070,-0.121,-0.067,-0.108
2018-01-09,737069.4167,-0.067,-0.039,-0.090,-0.157,-0.115,-0.186
2018-01-10,737070.4167,-0.002,-0.007,-0.011,-0.040,-0.007,-0.039
2018-01-11,737071.4167,-0.018,-0.011,-0.022,-0.051,-0.022,-0.050
2018-01-12,737072.4167,-0.073,-0.041,-0.040,-0.090,-0.059,-0.107
2018-01-13,737073.4167,-0.046,-0.021,-0.080,-0.112,-0.081,-0.112
2018-01-14,737074.4167, 0.139, 0.056, 0.037, 0.118, 0.030, 0.128
2018-01-15,737075.4167, 0.190, 0.101, 0.131, 0.212, 0.118, 0.227
2018-01-16,737076.4167, 0.300, 0.148, 0.165, 0.300, 0.164, 0.324
2018-01-17,737077.4167, 0.242, 0.127, 0.140, 0.264, 0.139, 0.260
2018-01-18,737078.4167, 0.030, 0.013, 0.013, 0.027, 0.012, 0.025
2018-01-19,737079.4167,-0.083,-0.053,-0.059,-0.083,-0.064,-0.089
2018-01-20,737080.4167,-0.119,-0.080,-0.075,-0.119,-0.086,-0.124
2018-01-21,737081.4167,-0.106,-0.076,-0.065,-0.131,-0.075,-0.130
2018-01-22,737082.4167,-0.118,-0.071,-0.109,-0.196,-0.120,-0.197
2018-01-23,737083.4167,-0.122,-0.086,-0.103,-0.191,-0.113,-0.190
2018-01-24,737084.4167,-0.148,-0.099,-0.119,-0.225,-0.130,-0.229
2018-01-25,737085.4167,-0.171,-0.106,-0.145,-0.233,-0.150,-0.243
2018-01-26,737086.4167,-0.135,-0.074,-0.144,-0.221,-0.145,-0.226
2018-01-27,737087.4167,-0.150,-0.091,-0.131,-0.243,-0.137,-0.243
2018-01-28,737088.4167,-0.154,-0.083,-0.136,-0.272,-0.134,-0.258
2018-01-29,737089.4167,-0.211,-0.126,-0.192,-0.349,-0.212,-0.360
2018-01-30,737090.4167,-0.149,-0.090,-0.217,-0.276,-0.225,-0.284
2018-01-31,737091.4167, 0.006, 0.017,-0.079,-0.100,-0.080,-0.108
2018-02-01,737092.4167, 0.174, 0.148, 0.188, 0.186, 0.193, 0.191
2018-02-02,737093.4167, 0.071, 0.014,-0.036, 0.061,-0.028, 0.064
2018-02-03,737094.4167, 0.024,-0.003,-0.073,-0.036,-0.063,-0.029
2018-02-04,737095.4167,-0.071,-0.050,-0.095,-0.112,-0.084,-0.105
2018-02-05,737096.4167,-0.142,-0.115,-0.211,-0.220,-0.204,-0.213
2018-02-06,737097.4167,-0.110,-0.037,-0.026,-0.126,-0.026,-0.129
2018-02-07,737098.4167,-0.146,-0.089,-0.146,-0.228,-0.144,-0.226
2018-02-08,737099.4167,-0.210,-0.111,-0.173,-0.324,-0.177,-0.328
2018-02-09,737100.4167,-0.144,-0.068,-0.112,-0.238,-0.116,-0.246
2018-02-10,737101.4167,-0.096,-0.044,-0.097,-0.195,-0.104,-0.204
2018-02-11,737102.4167,-0.090,-0.041,-0.108,-0.197,-0.096,-0.187
2018-02-12,737103.4167,-0.044,-0.017,-0.044,-0.121,-0.062,-0.137
2018-02-13,737104.4167,-0.056,-0.021,-0.099,-0.205,-0.102,-0.204
2018-02-14,737105.4167,-0.066,-0.027,-0.128,-0.250,-0.115,-0.237
2018-02-15,737106.4167,-0.058,-0.029,-0.045,-0.182,-0.040,-0.157
2018-02-16,737107.4167, 0.028, 0.024,-0.042,-0.150,-0.009,-0.091
2018-02-17,737108.4167,-0.035,-0.014,-0.040,-0.169,-0.036,-0.151
2018-02-18,737109.4167,-0.001, 0.009,-0.035,-0.148,-0.025,-0.122
2018-02-19,737110.4167, 0.091, 0.054,-0.018,-0.039, 0.012, 0.004
2018-02-20,737111.4167, 0.073, 0.039, 0.028, 0.060, 0.032, 0.064
2018-02-21,737112.4167,-0.065,-0.031,-0.021,-0.060,-0.015,-0.053
2018-02-22,737113.4167,-0.144,-0.064,-0.125,-0.280,-0.120,-0.276
2018-02-23,737114.4167,-0.176,-0.088,-0.159,-0.322,-0.154,-0.314
2018-02-24,737115.4167,-0.098,-0.040,-0.061,-0.152,-0.090,-0.181
2018-02-25,737116.4167, 0.010, 0.016,-0.074,-0.170,-0.063,-0.156
2018-02-26,737117.4167, 0.059, 0.032,-0.009,-0.048, 0.014,-0.010
2018-02-27,737118.4167,-0.100,-0.038,-0.093,-0.231,-0.078,-0.201
2018-02-28,737119.4167,-0.254,-0.108,-0.223,-0.464,-0.212,-0.442
2018-03-01,737120.4167,-0.252,-0.124,-0.289,-0.496,-0.283,-0.502
2018-03-02,737121.4167,-0.170,-0.079,-0.139,-0.275,-0.140,-0.276
2018-03-03,737122.4167,-0.173,-0.103,-0.218,-0.339,-0.222,-0.344
2018-03-04,737123.4167,-0.010,-0.002,-0.096,-0.141,-0.091,-0.137
2018-03-05,737124.4167,-0.031, 0.003,-0.057,-0.137,-0.052,-0.131
2018-03-06,737125.4167,-0.156,-0.056,-0.128,-0.282,-0.125,-0.280
2018-03-07,737126.4167,-0.192,-0.104,-0.202,-0.316,-0.187,-0.302
2018-03-08,737127.4167,-0.223,-0.139,-0.205,-0.298,-0.192,-0.282
2018-03-09,737128.4167,-0.283,-0.209,-0.325,-0.424,-0.319,-0.394
2018-03-10,737129.4167,-0.281,-0.189,-0.289,-0.427,-0.280,-0.428
2018-03-11,737130.4167,-0.317,-0.240,-0.382,-0.492,-0.395,-0.476
2018-03-12,737131.4167,-0.269,-0.167,-0.394,-0.520,-0.342,-0.467
2018-03-13,737132.4167,-0.256,-0.130,-0.188,-0.405,-0.194,-0.385
2018-03-14,737133.4167,-0.278,-0.137,-0.248,-0.490,-0.225,-0.446
2018-03-15,737134.4167,-0.258,-0.136,-0.301,-0.497,-0.272,-0.455
2018-03-16,737135.4167,-0.257,-0.131,-0.231,-0.421,-0.210,-0.381
2018-03-17,737136.4167,-0.264,-0.168,-0.210,-0.348,-0.210,-0.325
2018-03-18,737137.4167,-0.245,-0.164,-0.255,-0.327,-0.264,-0.337
2018-03-19,737138.4167,-0.235,-0.123,-0.194,-0.340,-0.188,-0.335
2018-03-20,737139.4167,-0.082,-0.035,-0.132,-0.255,-0.141,-0.267
2018-03-21,737140.4167,-0.016, 0.002,-0.055,-0.105,-0.054,-0.106
2018-03-22,737141.4167,-0.083,-0.036,-0.069,-0.138,-0.064,-0.137
2018-03-23,737142.4167,-0.150,-0.063,-0.064,-0.159,-0.062,-0.158
2018-03-24,737143.4167,-0.232,-0.145,-0.167,-0.292,-0.165,-0.289
2018-03-25,737144.4167,-0.204,-0.135,-0.149,-0.270,-0.164,-0.280
2018-03-26,737145.4167,-0.180,-0.111,-0.173,-0.240,-0.175,-0.244
2018-03-27,737146.4167,-0.067,-0.024,-0.080,-0.193,-0.078,-0.180
2018-03-28,737147.4167,-0.095,-0.016,-0.048,-0.160,-0.046,-0.174
2018-03-29,737148.4167,-0.192, 0.037, 0.023,-0.335, 0.018,-0.318
2018-03-30,737149.4167,-0.162, 0.032,-0.013,-0.405, 0.039,-0.346
2018-03-31,737150.4167,-0.221, 0.046, 0.077,-0.320, 0.072,-0.308
2018-04-01,737151.4167,-0.182,-0.002, 0.059,-0.321, 0.028,-0.313
2018-04-02,737152.4167,-0.072, 0.001,-0.015,-0.282, 0.013,-0.267
2018-04-03,737153.4167, 0.024, 0.022, 0.085,-0.141, 0.086,-0.092
2018-04-04,737154.4167,-0.069,-0.003, 0.093,-0.178, 0.081,-0.154
2018-04-05,737155.4167,-0.139, 0.005, 0.077,-0.220, 0.026,-0.202
2018-04-06,737156.4167,-0.039, 0.012, 0.027,-0.163, 0.030,-0.130
2018-04-07,737157.4167,-0.035, 0.017, 0.069,-0.095, 0.036,-0.093
2018-04-08,737158.4167,-0.048,-0.002, 0.059,-0.182, 0.015,-0.151
2018-04-09,737159.4167,-0.047, 0.014, 0.065,-0.157, 0.060,-0.120
2018-04-10,737160.4167,-0.053,-0.001, 0.122,-0.146, 0.066,-0.122
2018-04-11,737161.4167,-0.199,-0.008, 0.055,-0.278, 0.008,-0.256
2018-04-12,737162.4167,-0.132,-0.022,-0.026,-0.216,-0.053,-0.210
2018-04-13,737163.4167,-0.112,-0.053,-0.071,-0.187,-0.082,-0.175
2018-04-14,737164.4167,-0.103,-0.012,-0.085,-0.112,-0.111,-0.112
2018-04-15,737165.4167,-0.042,-0.040,-0.065,-0.131,-0.093,-0.148
2018-04-16,737166.4167, 0.065,-0.045,-0.136,-0.021,-0.135,-0.023
2018-04-17,737167.4167,-0.063,-0.061,-0.091,-0.226,-0.091,-0.242
2018-04-18,737168.4167,-0.070,-0.014,-0.025,-0.232,-0.023,-0.236
2018-04-19,737169.4167,-0.103,-0.007, 0.007,-0.363, 0.011,-0.347
2018-04-20,737170.4167,-0.095, 0.003,-0.013,-0.323, 0.009,-0.304
2018-04-21,737171.4167,-0.267, 0.009,-0.030,-0.507,-0.021,-0.494
2018-04-22,737172.4167,-0.353, 0.004,-0.055,-0.512,-0.049,-0.512
2018-04-23,737173.4167,-0.348,-0.005,-0.072,-0.552,-0.069,-0.550
2018-04-24,737174.4167,-0.391, 0.014,-0.019,-0.586,-0.017,-0.591
2018-04-25,737175.4167,-0.498,-0.007,-0.071,-0.587,-0.072,-0.613
2018-04-26,737176.4167,-0.329,-0.035,-0.101,-0.418,-0.100,-0.430
2018-04-27,737177.4167,-0.088,-0.054,-0.124,-0.156,-0.111,-0.165
2018-04-28,737178.4167, 0.103, 0.030, 0.036,-0.062, 0.091,-0.036
2018-04-29,737179.4167, 0.188, 0.033, 0.075, 0.149, 0.086, 0.226
2018-04-30,737180.4167, 0.184, 0.047, 0.075, 0.248, 0.078, 0.294
2018-05-01,737181.4167, 0.118,-0.018, 0.014, 0.129, 0.008, 0.163
2018-05-02,737182.4167,-0.020,-0.018, 0.065, 0.016, 0.038, 0.022
2018-05-03,737183.4167,-0.205, 0.007, 0.130,-0.189, 0.088,-0.183
2018-05-04,737184.4167,-0.283, 0.045, 0.052,-0.266, 0.036,-0.276
2018-05-05,737185.4167,-0.109,-0.002, 0.056,-0.153, 0.051,-0.154
2018-05-06,737186.4167, 0.069, 0.027, 0.093,-0.000, 0.082,-0.002
2018-05-07,737187.4167, 0.070, 0.014, 0.138,-0.051, 0.116,-0.027
2018-05-08,737188.4167, 0.121, 0.073, 0.095,-0.006, 0.098, 0.012
2018-05-09,737189.4167, 0.213,-0.017, 0.018, 0.210, 0.009, 0.223
2018-05-10,737190.4167, 0.063,-0.026, 0.001, 0.085,-0.010, 0.085
2018-05-11,737191.4167, 0.158,-0.003, 0.037, 0.176, 0.032, 0.178
2018-05-12,737192.4167, 0.442, 0.068, 0.046, 0.481, 0.037, 0.521
2018-05-13,737193.4167, 0.534, 0.072, 0.022, 0.580, 0.020, 0.597
2018-05-14,737194.4167, 0.289, 0.005,-0.016, 0.318,-0.017, 0.311
2018-05-15,737195.4167,-0.048,-0.039,-0.045,-0.025,-0.044,-0.030
2018-05-16,737196.4167,-0.082,-0.003,-0.016,-0.071,-0.019,-0.074
2018-05-17,737197.4167,-0.010, 0.013,-0.013,-0.006,-0.010,-0.007
2018-05-18,737198.4167, 0.087,-0.023,-0.025, 0.095,-0.025, 0.093
2018-05-19,737199.4167, 0.111,-0.021,-0.015, 0.092,-0.018, 0.094
2018-05-20,737200.4167, 0.031,-0.034,-0.041, 0.044,-0.043, 0.043
2018-05-21,737201.4167, 0.198,-0.001,-0.008, 0.241,-0.012, 0.238
2018-05-22,737202.4167, 0.301, 0.012,-0.027, 0.324,-0.025, 0.325
2018-05-23,737203.4167, 0.271, 0.053, 0.022, 0.213, 0.032, 0.241
2018-05-24,737204.4167, 0.151, 0.008,-0.023, 0.153,-0.015, 0.152
2018-05-25,737205.4167,-0.058, 0.022, 0.033,-0.114, 0.033,-0.089
2018-05-26,737206.4167,-0.258, 0.020, 0.007,-0.297, 0.013,-0.293
2018-05-27,737207.4167,-0.286, 0.017, 0.026,-0.337, 0.026,-0.328
2018-05-28,737208.4167,-0.315,-0.006, 0.037,-0.471, 0.029,-0.433
2018-05-29,737209.4167,-0.304,-0.026,-0.072,-0.508,-0.074,-0.498
2018-05-30,737210.4167,-0.117,-0.018,-0.035,-0.225,-0.038,-0.228
2018-05-31,737211.4167, 0.190,-0.017,-0.142, 0.152,-0.141, 0.170
2018-06-01,737212.4167, 0.346, 0.004,-0.107, 0.355,-0.114, 0.398
2018-06-02,737213.4167, 0.253, 0.004,-0.027, 0.285,-0.027, 0.316
2018-06-03,737214.4167, 0.000, 0.005,-0.009, 0.016,-0.008, 0.014
2018-06-04,737215.4167,-0.168, 0.002,-0.029,-0.105,-0.032,-0.111
2018-06-05,737216.4167,-0.193, 0.019,-0.010,-0.107,-0.007,-0.115
2018-06-06,737217.4167,-0.215,-0.003, 0.026,-0.281, 0.024,-0.262
2018-06-07,737218.4167,-0.354,-0.021, 0.001,-0.335,-0.012,-0.329
2018-06-08,737219.4167,-0.474,-0.006, 0.038,-0.345,-0.007,-0.463
2018-06-09,737220.4167,-0.590,-0.018,-0.012,-0.418,-0.028,-0.585
2018-06-10,737221.4167,-0.643, 0.001,-0.039,-0.724,-0.000,-0.849
2018-06-11,737222.4167,-0.589,-0.018,-0.026,-0.774,-0.027,-0.835
2018-06-12,737223.4167,-0.366,-0.030,-0.060,-0.502,-0.059,-0.501
2018-06-13,737224.4167,-0.341,-0.024,-0.042,-0.478,-0.043,-0.472
2018-06-14,737225.4167,-0.351,-0.011,-0.024,-0.479,-0.026,-0.477
2018-06-15,737226.4167,-0.280,-0.001, 0.007,-0.308, 0.003,-0.312
2018-06-16,737227.4167,-0.046,-0.019,-0.022,-0.076,-0.027,-0.078
2018-06-17,737228.4167, 0.113,-0.032,-0.039, 0.113,-0.050, 0.116
2018-06-18,737229.4167, 0.190, 0.008,-0.065, 0.171,-0.057, 0.206
2018-06-19,737230.4167, 0.079,-0.006,-0.030, 0.074,-0.029, 0.066
2018-06-20,737231.4167,-0.148,-0.024,-0.020,-0.189,-0.019,-0.189
2018-06-21,737232.4167,-0.405,-0.027, 0.008,-0.370,-0.023,-0.438
2018-06-22,737233.4167,-0.469,-0.025, 0.026,-0.425,-0.013,-0.539
2018-06-23,737234.4167,-0.315, 0.049, 0.031,-0.374, 0.031,-0.375
2018-06-24,737235.4167,-0.052, 0.062, 0.063,-0.166, 0.062,-0.155
2018-06-25,737236.4167,-0.031, 0.031, 0.062,-0.146, 0.056,-0.134
2018-06-26,737237.4167,-0.115, 0.034, 0.003,-0.215, 0.014,-0.205
2018-06-27,737238.4167,-0.341, 0.031, 0.061,-0.482, 0.063,-0.468
2018-06-28,737239.4167,-0.399,-0.037,-0.100,-0.505,-0.089,-0.498
2018-06-29,737240.4167,-0.449, 0.014, 0.044,-0.510, 0.031,-0.535
2018-06-30,737241.4167,-0.488,-0.013, 0.023,-0.426,-0.013,-0.529
2018-07-01,737242.4167,-0.518,-0.014,-0.030,-0.628,-0.038,-0.676
2018-07-02,737243.4167,-0.576,-0.042,-0.036,-0.603,-0.059,-0.759
2018-07-03,737244.4167,-0.622, 0.003, 0.024,-0.540,-0.013,-0.770
2018-07-04,737245.4167,-0.619,-0.098,-0.040,-0.454,-0.105,-0.734
2018-07-05,737246.4167,-0.779,-0.059,-0.041,-0.609,-0.078,-1.028
2018-07-06,737247.4167,-0.741,-0.074,-0.051,-0.772,-0.091,-0.890
2018-07-07,737248.4167,-0.611,-0.063, 0.017,-0.556,-0.065,-0.695
2018-07-08,737249.4167,-0.487,-0.026, 0.043,-0.460,-0.023,-0.549
2018-07-09,737250.4167,-0.424, 0.010,-0.003,-0.491,-0.001,-0.513
2018-07-10,737251.4167,-0.666, 0.002, 0.042,-0.545, 0.022,-0.873
2018-07-11,737252.4167,-0.802,-0.041,-0.015,-0.534,-0.008,-0.959
2018-07-12,737253.4167,-0.794,-0.087,-0.082,-0.501,-0.081,-0.859
2018-07-13,737254.4167,-0.794,-0.078,-0.070,-0.540,-0.078,-0.856
2018-07-14,737255.4167,-0.827,-0.113,-0.126,-0.426,-0.088,-0.913
2018-07-15,737256.4167,-0.814,-0.152,-0.102,-0.579,-0.156,-0.946
2018-07-16,737257.4167,-0.606,-0.166,-0.078,-0.483,-0.208,-0.721
2018-07-17,737258.4167,-0.478,-0.115,-0.052,-0.460,-0.132,-0.547
2018-07-18,737259.4167,-0.438,-0.047,-0.062,-0.522,-0.065,-0.524
2018-07-19,737260.4167,-0.326,-0.054,-0.051,-0.417,-0.052,-0.417
2018-07-20,737261.4167,-0.250,-0.025,-0.003,-0.272,-0.005,-0.273
2018-07-21,737262.4167,-0.093, 0.003,-0.044,-0.123,-0.045,-0.125
2018-07-22,737263.4167,-0.020,-0.029,-0.035,-0.062,-0.034,-0.059
2018-07-23,737264.4167,-0.165,-0.036,-0.034,-0.220,-0.032,-0.217
2018-07-24,737265.4167,-0.129,-0.002, 0.018,-0.197, 0.017,-0.193
2018-07-25,737266.4167,-0.112,-0.016,-0.001,-0.173,-0.003,-0.169
2018-07-26,737267.4167,-0.090, 0.080, 0.115,-0.120, 0.115,-0.122
2018-07-27,737268.4167,-0.055, 0.026, 0.088,-0.097, 0.088,-0.093
2018-07-28,737269.4167,-0.005, 0.013, 0.049,-0.037, 0.047,-0.035
2018-07-29,737270.4167,-0.037, 0.031, 0.091,-0.069, 0.088,-0.064
2018-07-30,737271.4167,-0.075, 0.011, 0.052,-0.094, 0.049,-0.093
2018-07-31,737272.4167,-0.087,-0.000,-0.006,-0.150,-0.008,-0.140
2018-08-01,737273.4167,-0.073,-0.008, 0.022,-0.126, 0.023,-0.124
2018-08-02,737274.4167,-0.032, 0.025, 0.072,-0.117, 0.072,-0.103
2018-08-03,737275.4167,-0.111, 0.021, 0.078,-0.162, 0.074,-0.156
2018-08-04,737276.4167,-0.250, 0.015, 0.063,-0.227, 0.059,-0.228
2018-08-05,737277.4167,-0.240,-0.012,-0.020,-0.281,-0.019,-0.279
2018-08-06,737278.4167,-0.189,-0.028, 0.010,-0.204, 0.005,-0.205
2018-08-07,737279.4167,-0.223,-0.008, 0.020,-0.246, 0.017,-0.248
2018-08-08,737280.4167,-0.069,-0.007,-0.017,-0.112,-0.018,-0.110
2018-08-09,737281.4167, 0.042, 0.025,-0.003,-0.036, 0.006,-0.029
2018-08-10,737282.4167,-0.017, 0.029, 0.061,-0.072, 0.057,-0.066
2018-08-11,737283.4167,-0.133,-0.030, 0.024,-0.181, 0.021,-0.180
2018-08-12,737284.4167,-0.118, 0.062, 0.044,-0.110, 0.039,-0.118
2018-08-13,737285.4167,-0.133, 0.003, 0.033,-0.220, 0.032,-0.219
2018-08-14,737286.4167,-0.095,-0.010,-0.004,-0.131,-0.005,-0.131
2018-08-15,737287.4167,-0.044, 0.014, 0.050,-0.069, 0.048,-0.068
2018-08-16,737288.4167,-0.121,-0.020,-0.034,-0.121,-0.033,-0.125
2018-08-17,737289.4167,-0.098, 0.014, 0.010,-0.173, 0.013,-0.171
2018-08-18,737290.4167,-0.024,-0.027, 0.059,-0.111, 0.050,-0.109
2018-08-19,737291.4167, 0.044,-0.013, 0.004, 0.052,-0.004, 0.048
2018-08-20,737292.4167, 0.225, 0.021, 0.026, 0.240, 0.025, 0.234
2018-08-21,737293.4167, 0.105,-0.055,-0.009, 0.116,-0.026, 0.117
2018-08-22,737294.4167, 0.102,-0.030,-0.043, 0.076,-0.046, 0.078
2018-08-23,737295.4167, 0.046, 0.009, 0.026, 0.019, 0.027, 0.025
2018-08-24,737296.4167,-0.143,-0.028,-0.006,-0.236,-0.007,-0.229
2018-08-25,737297.4167,-0.150, 0.013, 0.040,-0.158, 0.032,-0.160
2018-08-26,737298.4167,-0.194, 0.042, 0.052,-0.221, 0.053,-0.220
2018-08-27,737299.4167,-0.096, 0.039,-0.033,-0.219,-0.026,-0.224
2018-08-28,737300.4167, 0.028, 0.054, 0.127,-0.132, 0.121,-0.121
2018-08-29,737301.4167, 0.175, 0.062, 0.080, 0.185, 0.076, 0.183
2018-08-30,737302.4167, 0.184, 0.051, 0.041, 0.164, 0.041, 0.167
2018-08-31,737303.4167, 0.084, 0.016, 0.035, 0.078, 0.031, 0.082
2018-09-01,737304.4167,-0.121, 0.024, 0.084,-0.081, 0.075,-0.088
2018-09-02,737305.4167,-0.015, 0.008,-0.013,-0.035,-0.013,-0.038
2018-09-03,737306.4167, 0.109, 0.012, 0.040, 0.056, 0.033, 0.064
2018-09-04,737307.4167, 0.115, 0.047, 0.039, 0.061, 0.041, 0.075
2018-09-05,737308.4167, 0.098, 0.001, 0.003, 0.098, 0.005, 0.100
2018-09-06,737309.4167,-0.040,-0.020, 0.001,-0.078,-0.002,-0.069
2018-09-07,737310.4167,-0.190,-0.023, 0.030,-0.213, 0.009,-0.226
2018-09-08,737311.4167,-0.142, 0.005,-0.016,-0.217,-0.002,-0.219
2018-09-09,737312.4167, 0.049, 0.023, 0.069,-0.053, 0.060,-0.043
2018-09-10,737313.4167, 0.074, 0.041, 0.080,-0.030, 0.076,-0.008
2018-09-11,737314.4167, 0.106, 0.016, 0.058, 0.022, 0.056, 0.044
2018-09-12,737315.4167,-0.078, 0.018, 0.081,-0.055, 0.062,-0.047
2018-09-13,737316.4167,-0.070, 0.062, 0.075,-0.121, 0.075,-0.101
2018-09-14,737317.4167,-0.096,-0.017, 0.094,-0.320, 0.088,-0.272
2018-09-15,737318.4167,-0.238,-0.018, 0.005,-0.472,-0.001,-0.456
2018-09-16,737319.4167,-0.061,-0.025,-0.150,-0.143,-0.143,-0.147
2018-09-17,737320.4167, 0.076, 0.008, 0.024,-0.027, 0.031,-0.024
2018-09-18,737321.4167,-0.270,-0.000, 0.060,-0.424, 0.057,-0.409
2018-09-19,737322.4167,-0.308,-0.031,-0.071,-0.439,-0.060,-0.429
2018-09-20,737323.4167,-0.060, 0.001,-0.097,-0.207,-0.077,-0.209
2018-09-21,737324.4167,-0.061,-0.023,-0.006,-0.201,-0.005,-0.192
2018-09-22,737325.4167,-0.100,-0.011, 0.004,-0.235, 0.004,-0.218
2018-09-23,737326.4167, 0.033, 0.001,-0.041,-0.072,-0.034,-0.080
2018-09-24,737327.4167, 0.046, 0.030, 0.025,-0.032, 0.026,-0.037
2018-09-25,737328.4167,-0.111,-0.006, 0.004,-0.154, 0.008,-0.155
2018-09-26,737329.4167,-0.232, 0.010, 0.022,-0.309, 0.016,-0.299
2018-09-27,737330.4167,-0.252,-0.003,-0.031,-0.483,-0.035,-0.458
2018-09-28,737331.4167,-0.316,-0.017, 0.045,-0.384, 0.030,-0.377
2018-09-29,737332.4167,-0.147,-0.002,-0.182,-0.304,-0.137,-0.307
2018-09-30,737333.4167,-0.001, 0.012,-0.019,-0.162,-0.004,-0.150
2018-10-01,737334.4167, 0.009, 0.024, 0.037,-0.106, 0.040,-0.089
2018-10-02,737335.4167,-0.033, 0.025, 0.078,-0.208, 0.077,-0.188
2018-10-03,737336.4167,-0.062, 0.018, 0.013,-0.146, 0.015,-0.149
2018-10-04,737337.4167,-0.029,-0.003,-0.127,-0.207,-0.103,-0.195
2018-10-05,737338.4167, 0.008,-0.020,-0.069,-0.031,-0.063,-0.039
2018-10-06,737339.4167, 0.086,-0.014,-0.066, 0.174,-0.067, 0.167
2018-10-07,737340.4167, 0.151,-0.014,-0.055, 0.250,-0.060, 0.243
2018-10-08,737341.4167, 0.092,-0.001,-0.032, 0.159,-0.027, 0.155
2018-10-09,737342.4167,-0.072, 0.009,-0.045, 0.003,-0.039,-0.004
2018-10-10,737343.4167,-0.052, 0.021,-0.022,-0.106,-0.014,-0.105
2018-10-11,737344.4167,-0.033, 0.009,-0.005,-0.079, 0.009,-0.072
2018-10-12,737345.4167,-0.093, 0.025, 0.031,-0.141, 0.038,-0.117
2018-10-13,737346.4167,-0.208, 0.021, 0.044,-0.264, 0.047,-0.254
2018-10-14,737347.4167,-0.340, 0.021, 0.060,-0.429, 0.063,-0.418
2018-10-15,737348.4167,-0.428,-0.002, 0.051,-0.599, 0.057,-0.590
2018-10-16,737349.4167,-0.438, 0.004, 0.065,-0.564, 0.046,-0.555
2018-10-17,737350.4167,-0.347,-0.024, 0.026,-0.469,-0.004,-0.474
2018-10-18,737351.4167,-0.202,-0.024, 0.020,-0.334,-0.019,-0.327
2018-10-19,737352.4167,-0.123,-0.013, 0.062,-0.199, 0.036,-0.184
2018-10-20,737353.4167,-0.131, 0.043, 0.047,-0.200, 0.038,-0.206
2018-10-21,737354.4167,-0.097, 0.046, 0.025,-0.116, 0.015,-0.111
2018-10-22,737355.4167,-0.161, 0.023, 0.027,-0.151, 0.027,-0.163
2018-10-23,737356.4167,-0.297, 0.037,-0.037,-0.254,-0.022,-0.279
2018-10-24,737357.4167,-0.125,-0.006,-0.057,-0.252, 0.001,-0.230
2018-10-25,737358.4167,-0.224,-0.043,-0.060,-0.432,-0.048,-0.421
2018-10-26,737359.4167, 0.003,-0.035,-0.089, 0.066,-0.075, 0.050
2018-10-27,737360.4167,-0.148,-0.028,-0.054,-0.306,-0.068,-0.282
2018-10-28,737361.4167,-0.114,-0.091,-0.148,-0.306,-0.134,-0.262
2018-10-29,737362.4167,-0.147,-0.022,-0.027,-0.206,-0.047,-0.189
2018-10-30,737363.4167,-0.189, 0.021, 0.018,-0.229, 0.006,-0.237
2018-10-31,737364.4167,-0.187, 0.048, 0.050,-0.220, 0.043,-0.209
2018-11-01,737365.4167,-0.249, 0.048, 0.083,-0.304, 0.065,-0.308
2018-11-02,737366.4167,-0.346,-0.031, 0.062,-0.415, 0.028,-0.443
2018-11-03,737367.4167,-0.212,-0.019, 0.041,-0.530, 0.031,-0.472
2018-11-04,737368.4167,-0.028,-0.047,-0.022,-0.277,-0.058,-0.264
2018-11-05,737369.4167,-0.036,-0.048,-0.075,-0.190,-0.084,-0.178
2018-11-06,737370.4167,-0.040,-0.017,-0.041,-0.162,-0.041,-0.158
2018-11-07,737371.4167, 0.034,-0.006,-0.123, 0.033,-0.098,-0.010
2018-11-08,737372.4167, 0.037, 0.010,-0.020, 0.012,-0.022,-0.001
2018-11-09,737373.4167, 0.052,-0.010, 0.054, 0.012, 0.028, 0.001
2018-11-10,737374.4167, 0.127,-0.002,-0.004, 0.091, 0.013, 0.073
2018-11-11,737375.4167, 0.228,-0.001, 0.054, 0.206, 0.028, 0.226
2018-11-12,737376.4167, 0.103,-0.031, 0.030, 0.040, 0.000, 0.060
2018-11-13,737377.4167,-0.176,-0.006, 0.134,-0.308, 0.082,-0.279
2018-11-14,737378.4167,-0.214, 0.012, 0.039,-0.307, 0.037,-0.317
2018-11-15,737379.4167,-0.097, 0.011,-0.054,-0.144,-0.025,-0.158
2018-11-16,737380.4167,-0.054, 0.008,-0.016,-0.071,-0.015,-0.076
2018-11-17,737381.4167,-0.073, 0.019,-0.016,-0.083,-0.007,-0.090
2018-11-18,737382.4167,-0.001, 0.001, 0.048,-0.059, 0.034,-0.049
2018-11-19,737383.4167,-0.059,-0.007, 0.063,-0.152, 0.047,-0.139
2018-11-20,737384.4167,-0.217,-0.011, 0.070,-0.288, 0.060,-0.283
2018-11-21,737385.4167,-0.160, 0.006,-0.003,-0.270, 0.006,-0.277
2018-11-22,737386.4167,-0.076,-0.008, 0.076,-0.057, 0.038,-0.077
2018-11-23,737387.4167, 0.006, 0.006, 0.009,-0.013,-0.000,-0.017
2018-11-24,737388.4167, 0.206,-0.001,-0.017, 0.148,-0.013, 0.143
2018-11-25,737389.4167, 0.138,-0.012,-0.062, 0.042,-0.042, 0.046
2018-11-26,737390.4167, 0.146,-0.005,-0.014, 0.089,-0.019, 0.086
2018-11-27,737391.4167,-0.089,-0.011,-0.033,-0.185,-0.032,-0.169
2018-11-28,737392.4167,-0.133, 0.020,-0.081,-0.174,-0.083,-0.175
2018-11-29,737393.4167, 0.098,-0.009,-0.022, 0.130,-0.025, 0.128
2018-11-30,737394.4167,-0.010, 0.002, 0.035, 0.002, 0.022, 0.005
2018-12-01,737395.4167,-0.125, 0.008, 0.058,-0.135, 0.056,-0.132
2018-12-02,737396.4167,-0.160, 0.012,-0.048,-0.193,-0.052,-0.199
2018-12-03,737397.4167,-0.204, 0.009,-0.004,-0.183,-0.014,-0.189
2018-12-04,737398.4167,-0.046,-0.004, 0.020,-0.121, 0.028,-0.099
2018-12-05,737399.4167, 0.081, 0.010, 0.026, 0.068, 0.011, 0.074
2018-12-06,737400.4167,-0.044,-0.003, 0.046,-0.076, 0.030,-0.063
2018-12-07,737401.4167,-0.158,-0.023, 0.059,-0.280, 0.049,-0.261
2018-12-08,737402.4167,-0.296, 0.021, 0.082,-0.455, 0.075,-0.446
2018-12-09,737403.4167,-0.274, 0.020, 0.057,-0.420, 0.049,-0.413
2018-12-10,737404.4167,-0.164, 0.005,-0.030,-0.280,-0.026,-0.279
2018-12-11,737405.4167,-0.041, 0.003,-0.006,-0.160, 0.001,-0.151
2018-12-12,737406.4167,-0.066,-0.006, 0.022,-0.171, 0.003,-0.170
2018-12-13,737407.4167,-0.211, 0.005, 0.028,-0.333, 0.023,-0.327
2018-12-14,737408.4167,-0.156, 0.007, 0.047,-0.312, 0.035,-0.299
2018-12-15,737409.4167,-0.058,-0.012, 0.060,-0.226, 0.048,-0.200
2018-12-16,737410.4167,-0.077, 0.009, 0.059,-0.217, 0.068,-0.223
2018-12-17,737411.4167, 0.036, 0.023, 0.042,-0.149, 0.053,-0.133
2018-12-18,737412.4167, 0.114, 0.006, 0.057,-0.033, 0.041, 0.006
2018-12-19,737413.4167, 0.074, 0.006, 0.055,-0.028, 0.040, 0.005
2018-12-20,737414.4167, 0.074, 0.019,-0.024, 0.008, 0.011, 0.040
2018-12-21,737415.4167, 0.134, 0.021, 0.001, 0.128, 0.021, 0.121
2018-12-22,737416.4167, 0.142,-0.001,-0.061, 0.159,-0.055, 0.159
2018-12-23,737417.4167, 0.075,-0.004, 0.008, 0.116, 0.016, 0.126
2018-12-24,737418.4167,-0.007,-0.013, 0.036, 0.030, 0.023, 0.033
2018-12-25,737419.4167,-0.058,-0.010,-0.009,-0.007,-0.002,-0.017
2018-12-26,737420.4167,-0.068,-0.011, 0.044,-0.122,-0.005,-0.111
2018-12-27,737421.4167,-0.113, 0.011, 0.099,-0.255, 0.051,-0.236
2018-12-28,737422.4167,-0.136,-0.004, 0.092,-0.291, 0.018,-0.279
2018-12-29,737423.4167,-0.067, 0.001, 0.008,-0.180, 0.007,-0.171
2018-12-30,737424.4167,-0.020,-0.008,-0.003,-0.150,-0.003,-0.117
2018-12-31,737425.4167,-0.047, 0.009, 0.008,-0.158,-0.001,-0.126
2019-01-01,737426.4167,-0.002, 0.009, 0.027,-0.126, 0.023,-0.087
2019-01-02,737427.4167, 0.107,-0.011, 0.011, 0.019,-0.004, 0.037
2019-01-03,737428.4167, 0.123,-0.009, 0.016, 0.061,-0.001, 0.078
2019-01-04,737429.4167, 0.005,-0.003, 0.000,-0.032,-0.000,-0.038
2019-01-05,737430.4167, 0.062, 0.022, 0.009, 0.022, 0.030, 0.037
2019-01-06,737431.4167, 0.232,-0.001,-0.032, 0.296,-0.032, 0.284
2019-01-07,737432.4167, 0.100,-0.002,-0.018, 0.151,-0.012, 0.161
2019-01-08,737433.4167, 0.061,-0.024,-0.031, 0.110,-0.014, 0.092
2019-01-09,737434.4167, 0.116,-0.011,-0.026, 0.175,-0.022, 0.172
2019-01-10,737435.4167, 0.171,-0.012,-0.055, 0.276,-0.032, 0.272
2019-01-11,737436.4167, 0.135,-0.018,-0.016, 0.240,-0.018, 0.235
2019-01-12,737437.4167, 0.128, 0.002,-0.021, 0.171,-0.011, 0.154
2019-01-13,737438.4167, 0.326,-0.029,-0.085, 0.444,-0.060, 0.442
2019-01-14,737439.4167, 0.282,-0.042,-0.009, 0.323,-0.040, 0.349
2019-01-15,737440.4167, 0.006, 0.014, 0.115,-0.017, 0.032,-0.007
2019-01-16,737441.4167, 0.067, 0.002, 0.019,-0.087, 0.030,-0.072
2019-01-17,737442.4167,-0.027, 0.010, 0.082,-0.162, 0.065,-0.099
2019-01-18,737443.4167,-0.039, 0.003, 0.015,-0.151,-0.006,-0.119
2019-01-19,737444.4167, 0.066,-0.021, 0.014, 0.010, 0.027, 0.042
2019-01-20,737445.4167, 0.090,-0.022,-0.066, 0.088,-0.041, 0.128
2019-01-21,737446.4167, 0.056,-0.007,-0.038, 0.029,-0.051, 0.030
2019-01-22,737447.4167,-0.023,-0.007,-0.027,-0.044,-0.041,-0.035
2019-01-23,737448.4167,-0.017, 0.018,-0.078,-0.020,-0.023,-0.024
2019-01-24,737449.4167,-0.044, 0.033,-0.013, 0.001,-0.008,-0.005
2019-01-25,737450.4167,-0.373, 0.039, 0.056,-0.377, 0.015,-0.431
2019-01-26,737451.4167,-0.366, 0.034,-0.006,-0.464, 0.021,-0.479
2019-01-27,737452.4167,-0.395, 0.017,-0.029,-0.467,-0.029,-0.483
2019-01-28,737453.4167,-0.361, 0.013,-0.013,-0.438,-0.028,-0.425
2019-01-29,737454.4167,-0.142,-0.011,-0.050,-0.296,-0.019,-0.245
2019-01-30,737455.4167,-0.064,-0.073,-0.063,-0.247,-0.085,-0.211
2019-01-31,737456.4167, 0.069,-0.058,-0.097,-0.086,-0.080,-0.069
2019-02-01,737457.4167, 0.111,-0.046,-0.061, 0.071,-0.060, 0.074
2019-02-02,737458.4167,-0.005,-0.011,-0.047,-0.058,-0.052,-0.061
2019-02-03,737459.4167,-0.287, 0.069, 0.050,-0.308, 0.057,-0.309
2019-02-04,737460.4167,-0.300, 0.020,-0.001,-0.475, 0.007,-0.453
2019-02-05,737461.4167,-0.322,-0.016,-0.079,-0.531,-0.085,-0.527
2019-02-06,737462.4167,-0.251,-0.013,-0.058,-0.394,-0.053,-0.388
2019-02-07,737463.4167,-0.194,-0.013,-0.013,-0.402,-0.028,-0.370
2019-02-08,737464.4167,-0.056,-0.036,-0.085,-0.242,-0.114,-0.232
2019-02-09,737465.4167,-0.034, 0.016,-0.045,-0.205,-0.018,-0.176
2019-02-10,737466.4167,-0.092, 0.042, 0.100,-0.167, 0.066,-0.165
2019-02-11,737467.4167,-0.059, 0.018, 0.039,-0.083, 0.031,-0.102
2019-02-12,737468.4167,-0.078, 0.037,-0.051,-0.093,-0.042,-0.132
2019-02-13,737469.4167,-0.133, 0.043, 0.081,-0.332, 0.096,-0.277
2019-02-14,737470.4167,-0.324, 0.037, 0.045,-0.639, 0.027,-0.561
2019-02-15,737471.4167,-0.485, 0.042, 0.020,-0.747, 0.031,-0.744
2019-02-16,737472.4167,-0.291,-0.034,-0.118,-0.652,-0.118,-0.592
2019-02-17,737473.4167,-0.384, 0.045, 0.035,-0.619, 0.042,-0.641
2019-02-18,737474.4167,-0.344,-0.037,-0.052,-0.517,-0.079,-0.486
2019-02-19,737475.4167,-0.154, 0.019, 0.014,-0.307, 0.017,-0.248
2019-02-20,737476.4167,-0.137, 0.016, 0.004,-0.285, 0.029,-0.280
2019-02-21,737477.4167,-0.395, 0.070,-0.018,-0.806, 0.026,-0.762
2019-02-22,737478.4167,-0.449, 0.082,-0.044,-0.902, 0.031,-0.892
2019-02-23,737479.4167,-0.576, 0.027,-0.157,-0.879,-0.109,-0.933
2019-02-24,737480.4167,-0.621, 0.030,-0.089,-0.970,-0.040,-1.046
2019-02-25,737481.4167,-0.666, 0.039, 0.013,-0.812, 0.029,-1.093
2019-02-26,737482.4167,-1.002, 0.024,-0.104,-1.229,-0.013,-1.469
2019-02-27,737483.4167,-0.954, 0.014,-0.075,-1.059,-0.059,-1.282
2019-02-28,737484.4167,-0.891,-0.048,-0.064,-0.910,-0.133,-1.130
2019-03-01,737485.4167,-0.569,-0.070,-0.160,-0.635,-0.179,-0.816
2019-03-02,737486.4167,-0.255,-0.084,-0.154,-0.340,-0.165,-0.354
2019-03-03,737487.4167,-0.199,-0.007, 0.044,-0.297, 0.037,-0.298
2019-03-04,737488.4167,-0.449, 0.035, 0.115,-0.609, 0.095,-0.648
2019-03-05,737489.4167,-0.542, 0.002, 0.012,-0.675,-0.026,-0.748
2019-03-06,737490.4167,-0.336, 0.022,-0.065,-0.546,-0.042,-0.521
2019-03-07,737491.4167,-0.310, 0.058, 0.081,-0.647, 0.078,-0.607
2019-03-08,737492.4167,-0.663, 0.024, 0.024,-0.986, 0.022,-1.194
2019-03-09,737493.4167,-0.740,-0.099,-0.330,-1.122,-0.300,-1.352
2019-03-10,737494.4167,-0.729,-0.077,-0.262,-1.292,-0.264,-1.440
2019-03-11,737495.4167,-0.883, 0.034,-0.036,-1.019,-0.032,-1.300
2019-03-12,737496.4167,-0.844, 0.076,-0.048,-1.004,-0.018,-1.189
2019-03-13,737497.4167,-0.740, 0.070, 0.079,-0.877, 0.111,-1.015
2019-03-14,737498.4167,-0.708, 0.084, 0.082,-0.922, 0.107,-1.032
2019-03-15,737499.4167,-0.445, 0.033,-0.025,-0.715,-0.026,-0.726
2019-03-16,737500.4167,-0.315,-0.049,-0.090,-0.575,-0.082,-0.574
2019-03-17,737501.4167,-0.233,-0.006,-0.050,-0.246,-0.056,-0.272
2019-03-18,737502.4167, 0.012,-0.187,-0.273, 0.005,-0.272, 0.009
2019-03-19,737503.4167, 0.272,-0.078,-0.115, 0.573,-0.121, 0.507
2019-03-20,737504.4167, 0.174,-0.042,-0.092, 0.395,-0.096, 0.350
2019-03-21,737505.4167, 0.075,-0.033,-0.038, 0.135,-0.035, 0.141
2019-03-22,737506.4167, 0.027,-0.016,-0.026, 0.043,-0.029, 0.070
2019-03-23,737507.4167,-0.025, 0.007, 0.023, 0.029, 0.001, 0.010
2019-03-24,737508.4167,-0.105, 0.020, 0.012,-0.073, 0.007,-0.078
2019-03-25,737509.4167,-0.104, 0.012,-0.005,-0.127,-0.006,-0.146
2019-03-26,737510.4167,-0.122, 0.029, 0.021,-0.333, 0.039,-0.295
2019-03-27,737511.4167, 0.095, 0.012, 0.046,-0.032, 0.044,-0.018
2019-03-28,737512.4167, 0.075,-0.012, 0.038, 0.034, 0.024, 0.046
2019-03-29,737513.4167, 0.056,-0.006, 0.107,-0.066, 0.076,-0.048
2019-03-30,737514.4167, 0.020,-0.006,-0.064,-0.001,-0.069,-0.022
2019-03-31,737515.4167, 0.049,-0.029,-0.022,-0.027,-0.019,-0.028
2019-04-01,737516.4167, 0.115,-0.034,-0.009, 0.091,-0.002, 0.097
2019-04-02,737517.4167, 0.217,-0.005, 0.003, 0.194, 0.017, 0.207
2019-04-03,737518.4167, 0.136,-0.009,-0.007, 0.041,-0.011, 0.053
