DATE,TIME,VCUR_ROT_int,UCUR_ROT_int,UCURrot_17m,VCURrot_17m,UCURrot_53m,VCURrot_53m
2016-03-01,736390.4167,-0.236,-0.026,-0.027,-0.222,-0.029,-0.225
2016-03-02,736391.4167,-0.404,-0.009, 0.016,-0.443,-0.052,-0.351
2016-03-03,736392.4167,-0.514,-0.004,-0.002,-0.656,-0.063,-0.413
2016-03-04,736393.4167,-0.460,-0.004, 0.007,-0.642,-0.048,-0.351
2016-03-05,736394.4167,-0.465,-0.005, 0.008,-0.600,-0.033,-0.367
2016-03-06,736395.4167,-0.348,-0.016,-0.026,-0.561,-0.022,-0.215
2016-03-07,736396.4167,-0.441,-0.006, 0.012,-0.554,-0.034,-0.366
2016-03-08,736397.4167,-0.471,-0.008, 0.010,-0.588,-0.016,-0.395
2016-03-09,736398.4167,-0.520,-0.003, 0.047,-0.568,-0.050,-0.467
2016-03-10,736399.4167,-0.355, 0.003, 0.043,-0.376,-0.055,-0.342
2016-03-11,736400.4167,-0.414, 0.001, 0.039,-0.428,-0.051,-0.388
2016-03-12,736401.4167,-0.504,-0.010, 0.066,-0.494,-0.084,-0.484
2016-03-13,736402.4167,-0.408,-0.011,-0.022,-0.578,-0.050,-0.327
2016-03-14,736403.4167,-0.272, 0.020, 0.045,-0.391,-0.012,-0.194
2016-03-15,736404.4167,-0.277, 0.025, 0.082,-0.383,-0.001,-0.200
2016-03-16,736405.4167,-0.228, 0.020, 0.031,-0.345, 0.023,-0.104
2016-03-17,736406.4167,-0.173,-0.030,-0.043,-0.244,-0.012,-0.087
2016-03-18,736407.4167,-0.160,-0.010,-0.008,-0.170,-0.018,-0.164
2016-03-19,736408.4167,-0.161, 0.015, 0.023,-0.270, 0.033,-0.080
2016-03-20,736409.4167,-0.016, 0.023, 0.058,-0.197, 0.017, 0.066
2016-03-21,736410.4167,-0.023,-0.007,-0.022,-0.102, 0.013, 0.021
2016-03-22,736411.4167, 0.211,-0.032,-0.048, 0.188, 0.014, 0.206
2016-03-23,736412.4167,-0.040,-0.021,-0.030,-0.052,-0.009,-0.085
2016-03-24,736413.4167,-0.266,-0.006, 0.021,-0.261,-0.033,-0.265
2016-03-25,736414.4167,-0.287, 0.004, 0.043,-0.482,-0.020,-0.169
2016-03-26,736415.4167,-0.245, 0.011, 0.033,-0.452, 0.023,-0.049
2016-03-27,736416.4167,-0.222,-0.003,-0.000,-0.347,-0.001,-0.086
2016-03-28,736417.4167,-0.242,-0.016,-0.013,-0.230,-0.008,-0.183
2016-03-29,736418.4167,-0.310,-0.009,-0.008,-0.362,-0.021,-0.225
2016-03-30,736419.4167,-0.504, 0.013, 0.011,-0.691,-0.015,-0.319
2016-03-31,736420.4167,-0.521,-0.006, 0.022,-0.732,-0.031,-0.339
2016-04-01,736421.4167,-0.577, 0.002, 0.059,-0.807,-0.082,-0.408
2016-04-02,736422.4167,-0.462,-0.017,-0.018,-0.685,-0.031,-0.285
2016-04-03,736423.4167,-0.235,-0.016,-0.045,-0.334,-0.011,-0.198
2016-04-04,736424.4167,-0.290, 0.001, 0.005,-0.517,-0.013,-0.169
2016-04-05,736425.4167,-0.412, 0.004, 0.006,-0.542, 0.010,-0.218
2016-04-06,736426.4167,-0.068,-0.024,-0.064,-0.197,-0.007, 0.041
2016-04-07,736427.4167, 0.133,-0.013,-0.023, 0.094,-0.023, 0.131
2016-04-08,736428.4167, 0.254,-0.006,-0.020, 0.293, 0.008, 0.224
2016-04-09,736429.4167, 0.262,-0.054,-0.057, 0.354,-0.041, 0.145
2016-04-10,736430.4167,-0.077,-0.000,-0.001,-0.158,-0.013,-0.038
2016-04-11,736431.4167,-0.007, 0.056, 0.138,-0.133,-0.010, 0.086
2016-04-12,736432.4167, 0.158,-0.017,-0.030, 0.216, 0.008, 0.076
2016-04-13,736433.4167, 0.085, 0.010, 0.035, 0.151,-0.008, 0.013
2016-04-14,736434.4167,-0.061,-0.027,-0.022,-0.047,-0.008,-0.081
2016-04-15,736435.4167,-0.187,-0.009, 0.046,-0.250,-0.045,-0.149
2016-04-16,736436.4167,-0.054,-0.029,-0.036,-0.175,-0.019, 0.061
2016-04-17,736437.4167,-0.039,-0.015,-0.055,-0.106, 0.016, 0.018
2016-04-18,736438.4167,-0.022,-0.003, 0.005,-0.055, 0.018,-0.020
2016-04-19,736439.4167,-0.083,-0.001,-0.008,-0.133,-0.002,-0.054
2016-04-20,736440.4167,-0.086, 0.009, 0.026,-0.176,-0.003, 0.000
2016-04-21,736441.4167,-0.150,-0.006, 0.012,-0.230,-0.006,-0.056
2016-04-22,736442.4167, 0.006, 0.013,-0.001,-0.037, 0.018, 0.030
2016-04-23,736443.4167, 0.278, 0.002,-0.026, 0.280, 0.025, 0.265
2016-04-24,736444.4167, 0.100,-0.006, 0.018, 0.095,-0.031, 0.108
2016-04-25,736445.4167,-0.031,-0.021, 0.024,-0.036,-0.041,-0.025
2016-04-26,736446.4167,-0.093,-0.011, 0.016,-0.127,-0.045,-0.049
2016-04-27,736447.4167,-0.157,-0.007, 0.011,-0.239,-0.017,-0.071
2016-04-28,736448.4167,-0.169,-0.007,-0.007,-0.323,-0.003,-0.044
2016-04-29,736449.4167,-0.144, 0.005, 0.014,-0.337,-0.001, 0.001
2016-04-30,736450.4167,-0.133, 0.007, 0.008,-0.311, 0.020, 0.025
2016-05-01,736451.4167,-0.032, 0.001, 0.007,-0.186, 0.008, 0.048
2016-05-02,736452.4167, 0.047, 0.001, 0.023,-0.019,-0.015, 0.080
2016-05-03,736453.4167, 0.114,-0.017,-0.052, 0.130, 0.029, 0.089
2016-05-04,736454.4167, 0.197, 0.002, 0.027, 0.245,-0.007, 0.145
2016-05-05,736455.4167, 0.248,-0.017,-0.023, 0.215, 0.034, 0.226
2016-05-06,736456.4167, 0.045, 0.017, 0.018, 0.039, 0.025, 0.037
2016-05-07,736457.4167,-0.001, 0.029, 0.061,-0.015, 0.008, 0.015
2016-05-08,736458.4167,-0.040, 0.004,-0.005,-0.035, 0.008,-0.040
2016-05-09,736459.4167,-0.179,-0.009, 0.035,-0.203,-0.043,-0.172
2016-05-10,736460.4167,-0.062, 0.003, 0.010,-0.150, 0.022, 0.016
2016-05-11,736461.4167, 0.055, 0.017, 0.045,-0.012, 0.018, 0.085
2016-05-12,736462.4167, 0.198,-0.016,-0.026, 0.181, 0.035, 0.199
2016-05-13,736463.4167, 0.252, 0.022, 0.019, 0.260, 0.043, 0.229
2016-05-14,736464.4167, 0.196, 0.044,-0.009, 0.230, 0.081, 0.163
2016-05-15,736465.4167, 0.044, 0.004,-0.010, 0.048, 0.013, 0.023
2016-05-16,736466.4167,-0.024, 0.009, 0.009,-0.036, 0.034,-0.023
2016-05-17,736467.4167,-0.063, 0.006, 0.015,-0.092,-0.008,-0.055
2016-05-18,736468.4167, 0.030, 0.001,-0.017, 0.020, 0.016, 0.033
2016-05-19,736469.4167,-0.129,-0.020,-0.045,-0.167, 0.014,-0.107
2016-05-20,736470.4167,-0.111, 0.031, 0.012,-0.179, 0.028,-0.062
2016-05-21,736471.4167,-0.000, 0.010,-0.011,-0.031, 0.032, 0.035
2016-05-22,736472.4167,-0.299,-0.023, 0.005,-0.298,-0.069,-0.290
2016-05-23,736473.4167, 0.011,-0.001,-0.014,-0.032, 0.001, 0.023
2016-05-24,736474.4167, 0.315, 0.020,-0.020, 0.356, 0.058, 0.271
2016-05-25,736475.4167, 0.251, 0.013, 0.025, 0.263, 0.036, 0.188
2016-05-26,736476.4167,-0.046, 0.020, 0.046,-0.040,-0.003,-0.051
2016-05-27,736477.4167,-0.084, 0.013, 0.017,-0.110, 0.009,-0.054
2016-05-28,736478.4167,-0.081,-0.011,-0.007,-0.082,-0.018,-0.079
2016-05-29,736479.4167,-0.180,-0.005,-0.006,-0.215,-0.015,-0.160
2016-05-30,736480.4167,-0.093, 0.024, 0.036,-0.225, 0.013,-0.001
2016-05-31,736481.4167,-0.115,-0.005, 0.001,-0.222,-0.019,-0.060
2016-06-01,736482.4167,-0.174, 0.004, 0.005,-0.251, 0.009,-0.113
2016-06-02,736483.4167,-0.387, 0.005, 0.026,-0.501,-0.033,-0.320
2016-06-03,736484.4167,-0.435,-0.008, 0.014,-0.619,-0.062,-0.356
2016-06-04,736485.4167,-0.528,-0.010, 0.045,-0.697,-0.103,-0.398
2016-06-05,736486.4167,-0.415,-0.032, 0.010,-0.434,-0.118,-0.388
2016-06-06,736487.4167,-0.363,-0.001, 0.012,-0.368,-0.042,-0.365
2016-06-07,736488.4167,-0.361,-0.000, 0.009,-0.444,-0.035,-0.342
2016-06-08,736489.4167,-0.416,-0.010, 0.014,-0.508,-0.048,-0.359
2016-06-09,736490.4167,-0.357,-0.005,-0.005,-0.496,-0.026,-0.279
2016-06-10,736491.4167,-0.399,-0.003, 0.003,-0.594,-0.017,-0.270
2016-06-11,736492.4167,-0.231,-0.011,-0.075,-0.362, 0.020,-0.096
2016-06-12,736493.4167,-0.182,-0.012,-0.020,-0.205,-0.003,-0.128
2016-06-13,736494.4167,-0.301,-0.029,-0.018,-0.326,-0.040,-0.259
2016-06-14,736495.4167,-0.111, 0.015, 0.024,-0.161, 0.013,-0.059
2016-06-15,736496.4167,-0.043, 0.017, 0.024,-0.106, 0.026,-0.027
2016-06-16,736497.4167,-0.235,-0.008,-0.005,-0.332,-0.025,-0.169
2016-06-17,736498.4167,-0.417,-0.008,-0.005,-0.580,-0.035,-0.326
2016-06-18,736499.4167,-0.323,-0.010, 0.007,-0.468,-0.031,-0.220
2016-06-19,736500.4167,-0.275,-0.007, 0.007,-0.432,-0.022,-0.175
2016-06-20,736501.4167,-0.153,-0.011,-0.017,-0.243,-0.024,-0.112
2016-06-21,736502.4167,-0.075, 0.000, 0.009,-0.094,-0.006,-0.064
2016-06-22,736503.4167, 0.088,-0.009,-0.031, 0.098, 0.017, 0.054
2016-06-23,736504.4167, 0.043,-0.037,-0.013, 0.094,-0.045, 0.008
2016-06-24,736505.4167, 0.003,-0.049,-0.105,-0.020, 0.014, 0.026
2016-06-25,736506.4167, 0.031,-0.009,-0.049,-0.044,-0.012, 0.103
2016-06-26,736507.4167,-0.038,-0.004,-0.019,-0.092,-0.010, 0.022
2016-06-27,736508.4167,-0.087,-0.009,-0.046,-0.120, 0.026,-0.038
2016-06-28,736509.4167,-0.087,-0.006,-0.026,-0.121, 0.015,-0.038
2016-06-29,736510.4167,-0.156, 0.010,-0.012,-0.215, 0.027,-0.095
2016-06-30,736511.4167,-0.116,-0.010,-0.006,-0.151,-0.024,-0.082
2016-07-01,736512.4167, 0.055,-0.011,-0.035, 0.043, 0.026, 0.081
2016-07-02,736513.4167, 0.094,-0.000,-0.043, 0.043, 0.035, 0.125
2016-07-03,736514.4167,-0.027,-0.002,-0.015,-0.060, 0.003,-0.007
2016-07-04,736515.4167,-0.064, 0.002, 0.010,-0.114,-0.028,-0.027
2016-07-05,736516.4167,-0.109,-0.009,-0.014,-0.110,-0.005,-0.123
2016-07-06,736517.4167,-0.084, 0.007,-0.007,-0.092, 0.029,-0.071
2016-07-07,736518.4167,-0.062, 0.015, 0.002,-0.102, 0.009,-0.036
2016-07-08,736519.4167,-0.241, 0.000,-0.007,-0.283,-0.001,-0.212
2016-07-09,736520.4167,-0.307,-0.027,-0.027,-0.325,-0.045,-0.303
2016-07-10,736521.4167,-0.261,-0.029,-0.032,-0.316,-0.029,-0.233
2016-07-11,736522.4167,-0.187,-0.025,-0.014,-0.196,-0.030,-0.180
2016-07-12,736523.4167,-0.140,-0.038,-0.010,-0.104,-0.055,-0.190
2016-07-13,736524.4167, 0.025,-0.019,-0.021, 0.031,-0.012, 0.016
2016-07-14,736525.4167, 0.135, 0.002,-0.009, 0.134, 0.014, 0.137
2016-07-15,736526.4167, 0.092, 0.002,-0.016, 0.074, 0.022, 0.113
2016-07-16,736527.4167, 0.025,-0.019,-0.042,-0.011, 0.002, 0.060
2016-07-17,736528.4167,-0.219,-0.009, 0.004,-0.239,-0.027,-0.200
2016-07-18,736529.4167,-0.411,-0.032,-0.009,-0.441,-0.054,-0.381
2016-07-19,736530.4167,-0.407,-0.017,-0.013,-0.480,-0.050,-0.381
2016-07-20,736531.4167,-0.186, 0.003,-0.029,-0.315, 0.020,-0.083
2016-07-21,736532.4167,-0.131,-0.011,-0.017,-0.208, 0.001,-0.042
2016-07-22,736533.4167,-0.088,-0.019,-0.022,-0.134,-0.010,-0.021
2016-07-23,736534.4167,-0.113,-0.017,-0.021,-0.154,-0.028,-0.062
2016-07-24,736535.4167,-0.083, 0.003, 0.008,-0.121,-0.008,-0.026
2016-07-25,736536.4167,-0.207,-0.024,-0.024,-0.277,-0.031,-0.121
2016-07-26,736537.4167, 0.044,-0.006,-0.006, 0.007,-0.003, 0.061
2016-07-27,736538.4167, 0.102, 0.006,-0.005, 0.133, 0.023, 0.069
2016-07-28,736539.4167,-0.197,-0.017,-0.001,-0.181,-0.036,-0.223
2016-07-29,736540.4167,-0.241,-0.007,-0.009,-0.274,-0.025,-0.233
2016-07-30,736541.4167,-0.267, 0.002, 0.001,-0.532, 0.006,-0.089
2016-07-31,736542.4167,-0.265,-0.005,-0.027,-0.420,-0.005,-0.179
2016-08-01,736543.4167,   NaN,   NaN,   NaN,   NaN,   NaN,   NaN
2016-08-02,736544.4167,   NaN,   NaN,   NaN,   NaN,   NaN,   NaN
2016-08-03,736545.4167,   NaN,   NaN,   NaN,   NaN,   NaN,   NaN
2016-08-04,736546.4167,   NaN,   NaN,   NaN,   NaN,   NaN,   NaN
2016-08-05,736547.4167,   NaN,   NaN,   NaN,   NaN,   NaN,   NaN
2016-08-06,736548.4167,   NaN,   NaN,   NaN,   NaN,   NaN,   NaN
2016-08-07,736549.4167,   NaN,   NaN,   NaN,   NaN,   NaN,   NaN
2016-08-08,736550.4167,   NaN,   NaN,   NaN,   NaN,   NaN,   NaN
2016-08-09,736551.4167,   NaN,   NaN,   NaN,   NaN,   NaN,   NaN
2016-08-10,736552.4167,   NaN,   NaN,   NaN,   NaN,   NaN,   NaN
2016-08-11,736553.4167,   NaN,   NaN,   NaN,   NaN,   NaN,   NaN
2016-08-12,736554.4167,   NaN,   NaN,   NaN,   NaN,   NaN,   NaN
2016-08-13,736555.4167,   NaN,   NaN,   NaN,   NaN,   NaN,   NaN
2016-08-14,736556.4167,   NaN,   NaN,   NaN,   NaN,   NaN,   NaN
2016-08-15,736557.4167,   NaN,   NaN,   NaN,   NaN,   NaN,   NaN
2016-08-16,736558.4167,   NaN,   NaN,   NaN,   NaN,   NaN,   NaN
2016-08-17,736559.4167,   NaN,   NaN,   NaN,   NaN,   NaN,   NaN
2016-08-18,736560.4167,   NaN,   NaN,   NaN,   NaN,   NaN,   NaN
2016-08-19,736561.4167,   NaN,   NaN,   NaN,   NaN,   NaN,   NaN
2016-08-20,736562.4167,   NaN,   NaN,   NaN,   NaN,   NaN,   NaN
2016-08-21,736563.4167,   NaN,   NaN,   NaN,   NaN,   NaN,   NaN
2016-08-22,736564.4167,   NaN,   NaN,   NaN,   NaN,   NaN,   NaN
2016-08-23,736565.4167,   NaN,   NaN,   NaN,   NaN,   NaN,   NaN
2016-08-24,736566.4167,   NaN,   NaN,   NaN,   NaN,   NaN,   NaN
2016-08-25,736567.4167,   NaN,   NaN,   NaN,   NaN,   NaN,   NaN
2016-08-26,736568.4167,   NaN,   NaN,   NaN,   NaN,   NaN,   NaN
2016-08-27,736569.4167,   NaN,   NaN,   NaN,   NaN,   NaN,   NaN
2016-08-28,736570.4167,-0.090,-0.021,-0.011,-0.073,-0.003,-0.085
2016-08-29,736571.4167,-0.112,-0.027,-0.021,-0.118,-0.023,-0.089
2016-08-30,736572.4167,-0.196,-0.025,-0.018,-0.250,-0.035,-0.132
2016-08-31,736573.4167,-0.157,-0.023,-0.020,-0.221,-0.008,-0.114
2016-09-01,736574.4167,-0.136,-0.005,-0.011,-0.254, 0.003,-0.009
2016-09-02,736575.4167,-0.124,-0.028,-0.052,-0.230,-0.031,-0.025
2016-09-03,736576.4167,-0.151,-0.015,-0.037,-0.227, 0.010,-0.072
2016-09-04,736577.4167,-0.064,-0.008,-0.013,-0.148,-0.012, 0.025
2016-09-05,736578.4167,-0.024,-0.013,-0.025,-0.091,-0.022, 0.045
2016-09-06,736579.4167,-0.037,-0.015,-0.029,-0.083,-0.013, 0.008
2016-09-07,736580.4167,-0.083, 0.005,-0.003,-0.130,-0.012,-0.044
2016-09-08,736581.4167,-0.175,-0.017,-0.016,-0.254,-0.035,-0.122
2016-09-09,736582.4167,-0.129,-0.026,-0.022,-0.207,-0.036,-0.090
2016-09-10,736583.4167,-0.115,-0.003, 0.009,-0.242,-0.008,-0.045
2016-09-11,736584.4167,-0.067, 0.001,-0.010,-0.182, 0.001, 0.023
2016-09-12,736585.4167,-0.037,-0.009,-0.037,-0.146, 0.006, 0.039
2016-09-13,736586.4167, 0.085,-0.001,-0.002, 0.023, 0.011, 0.138
2016-09-14,736587.4167,-0.006,-0.012,-0.011,-0.035,-0.001,-0.001
2016-09-15,736588.4167,-0.097,-0.010, 0.002,-0.132,-0.003,-0.071
2016-09-16,736589.4167,-0.042,-0.004,-0.005,-0.109, 0.021, 0.035
2016-09-17,736590.4167,-0.042,-0.002, 0.029,-0.140,-0.033,-0.012
2016-09-18,736591.4167,-0.150,-0.008,-0.003,-0.235,-0.017,-0.111
2016-09-19,736592.4167, 0.047, 0.002,-0.010,-0.004, 0.032, 0.097
2016-09-20,736593.4167,-0.008,-0.004,-0.007,-0.098,-0.011, 0.076
2016-09-21,736594.4167,-0.031, 0.001, 0.017,-0.104,-0.000, 0.000
2016-09-22,736595.4167, 0.069, 0.008,-0.032, 0.057, 0.045, 0.096
2016-09-23,736596.4167, 0.068,-0.000,-0.047, 0.080, 0.051, 0.071
2016-09-24,736597.4167,-0.202,-0.020,-0.003,-0.205,-0.062,-0.204
2016-09-25,736598.4167,-0.212,-0.010,-0.004,-0.246,-0.007,-0.191
2016-09-26,736599.4167,-0.183,-0.008,-0.052,-0.345, 0.015,-0.050
2016-09-27,736600.4167, 0.084,-0.001,-0.012, 0.042,-0.022, 0.103
2016-09-28,736601.4167,-0.033, 0.007, 0.056,-0.112,-0.024, 0.008
2016-09-29,736602.4167,-0.233,-0.022, 0.018,-0.317,-0.061,-0.187
2016-09-30,736603.4167,-0.302,-0.034,-0.032,-0.414,-0.061,-0.232
2016-10-01,736604.4167,-0.067, 0.022,-0.013,-0.167, 0.054, 0.010
2016-10-02,736605.4167,-0.066,-0.006, 0.058,-0.141,-0.041,-0.068
2016-10-03,736606.4167,-0.131,-0.009,-0.011,-0.195,-0.023,-0.074
2016-10-04,736607.4167,-0.240,-0.029,-0.022,-0.317,-0.048,-0.192
2016-10-05,736608.4167,-0.007,-0.020,-0.023,-0.012,-0.013,-0.002
2016-10-06,736609.4167, 0.036, 0.018, 0.018, 0.011, 0.016, 0.030
2016-10-07,736610.4167, 0.005, 0.008, 0.013,-0.048, 0.004, 0.041
2016-10-08,736611.4167,-0.065, 0.014, 0.004,-0.150, 0.018,-0.020
2016-10-09,736612.4167,-0.333,-0.007, 0.023,-0.416,-0.042,-0.278
2016-10-10,736613.4167,-0.405,-0.007,-0.002,-0.509,-0.037,-0.348
2016-10-11,736614.4167,-0.222, 0.003,-0.008,-0.315,-0.010,-0.169
2016-10-12,736615.4167,-0.265, 0.006, 0.002,-0.339, 0.007,-0.203
2016-10-13,736616.4167,-0.226, 0.017, 0.029,-0.358, 0.005,-0.141
2016-10-14,736617.4167,-0.177,-0.013,-0.010,-0.249,-0.010,-0.101
2016-10-15,736618.4167,-0.335,-0.014, 0.011,-0.393,-0.057,-0.291
2016-10-16,736619.4167,-0.636,-0.016, 0.052,-0.721,-0.118,-0.530
2016-10-17,736620.4167,-0.455,-0.009,-0.010,-0.620,-0.070,-0.358
2016-10-18,736621.4167,-0.383,-0.009,-0.010,-0.507,-0.051,-0.328
2016-10-19,736622.4167,-0.346, 0.008, 0.037,-0.511,-0.031,-0.273
2016-10-20,736623.4167,-0.418,-0.014, 0.016,-0.539,-0.046,-0.344
2016-10-21,736624.4167,-0.523,-0.018, 0.018,-0.602,-0.060,-0.456
2016-10-22,736625.4167,-0.326, 0.012,-0.011,-0.505, 0.004,-0.237
2016-10-23,736626.4167,-0.102, 0.005,-0.044,-0.169, 0.011,-0.017
2016-10-24,736627.4167,-0.135, 0.014, 0.017,-0.156,-0.002,-0.102
2016-10-25,736628.4167,-0.129,-0.009, 0.003,-0.218,-0.008,-0.037
2016-10-26,736629.4167,-0.227, 0.001, 0.010,-0.325,-0.028,-0.152
2016-10-27,736630.4167,-0.250, 0.005, 0.013,-0.338,-0.019,-0.200
2016-10-28,736631.4167,-0.302,-0.013, 0.029,-0.374,-0.054,-0.247
2016-10-29,736632.4167,-0.341,-0.018, 0.003,-0.445,-0.036,-0.266
2016-10-30,736633.4167,-0.134,-0.015,-0.019,-0.249,-0.015,-0.048
2016-10-31,736634.4167,-0.095,-0.002,-0.007,-0.192,-0.008,-0.001
2016-11-01,736635.4167,-0.135, 0.000, 0.007,-0.233,-0.006,-0.041
2016-11-02,736636.4167,-0.329, 0.037, 0.052,-0.419, 0.002,-0.259
2016-11-03,736637.4167,-0.036,-0.017,-0.011,-0.194,-0.034, 0.109
2016-11-04,736638.4167,-0.053,-0.028,-0.021,-0.195,-0.026, 0.036
2016-11-05,736639.4167,-0.116, 0.029, 0.055,-0.225,-0.004,-0.045
2016-11-06,736640.4167,-0.014,-0.004, 0.020,-0.042,-0.001, 0.023
2016-11-07,736641.4167,-0.358, 0.038, 0.064,-0.442, 0.000,-0.287
2016-11-08,736642.4167,-0.301, 0.050, 0.075,-0.460, 0.039,-0.202
2016-11-09,736643.4167,-0.277, 0.031, 0.061,-0.376, 0.003,-0.175
2016-11-10,736644.4167,-0.439, 0.045, 0.084,-0.596,-0.024,-0.358
2016-11-11,736645.4167,-0.377, 0.044, 0.110,-0.585,-0.012,-0.284
2016-11-12,736646.4167,-0.249, 0.035, 0.103,-0.489, 0.005,-0.144
2016-11-13,736647.4167,-0.234, 0.024, 0.055,-0.465,-0.002,-0.115
2016-11-14,736648.4167,-0.084, 0.036, 0.061,-0.259, 0.017, 0.025
2016-11-15,736649.4167, 0.005,-0.009, 0.020,-0.128,-0.012, 0.085
2016-11-16,736650.4167, 0.022, 0.011, 0.043,-0.034, 0.009, 0.023
2016-11-17,736651.4167, 0.038, 0.001, 0.040,-0.049,-0.014, 0.058
2016-11-18,736652.4167,-0.097, 0.019, 0.047,-0.226, 0.008,-0.074
2016-11-19,736653.4167, 0.018, 0.001, 0.042,-0.117,-0.021, 0.076
2016-11-20,736654.4167,-0.103, 0.008, 0.041,-0.224,-0.009,-0.057
2016-11-21,736655.4167,-0.178, 0.020, 0.044,-0.305,-0.006,-0.117
2016-11-22,736656.4167,-0.103, 0.005, 0.030,-0.231,-0.001,-0.054
2016-11-23,736657.4167, 0.101,-0.004, 0.013, 0.016, 0.003, 0.123
2016-11-24,736658.4167, 0.183,-0.066,-0.093, 0.226,-0.037, 0.072
2016-11-25,736659.4167, 0.072,-0.070,-0.086, 0.070,-0.039, 0.040
2016-11-26,736660.4167, 0.078,-0.031,-0.069, 0.067,-0.012, 0.080
2016-11-27,736661.4167,-0.036,-0.026,-0.040,-0.008,-0.019,-0.075
2016-11-28,736662.4167,-0.103, 0.026, 0.028,-0.158, 0.023,-0.068
2016-11-29,736663.4167,-0.006,-0.001, 0.031, 0.018,-0.014,-0.041
2016-11-30,736664.4167,-0.104, 0.010, 0.000,-0.093, 0.016,-0.090
2016-12-01,736665.4167,-0.231,-0.013, 0.001,-0.331,-0.038,-0.198
2016-12-02,736666.4167,-0.068,-0.004,-0.007,-0.129,-0.023,-0.047
2016-12-03,736667.4167, 0.036,-0.010,-0.003, 0.017, 0.001, 0.063
2016-12-04,736668.4167, 0.008,-0.015,-0.031,-0.042,-0.014, 0.047
2016-12-05,736669.4167,-0.034,-0.002, 0.014,-0.091,-0.012,-0.020
2016-12-06,736670.4167,-0.066, 0.012, 0.040,-0.142, 0.011,-0.041
2016-12-07,736671.4167,-0.151,-0.016,-0.038,-0.225,-0.013,-0.101
2016-12-08,736672.4167,-0.106,-0.004,-0.004,-0.232,-0.014,-0.024
2016-12-09,736673.4167,-0.020,-0.013, 0.012,-0.139,-0.019, 0.071
2016-12-10,736674.4167, 0.195,-0.018,-0.035, 0.163, 0.012, 0.220
2016-12-11,736675.4167,-0.011,-0.019,-0.027,-0.060,-0.013,-0.026
2016-12-12,736676.4167,-0.046, 0.006, 0.023,-0.113,-0.014,-0.034
2016-12-13,736677.4167,-0.145, 0.001, 0.022,-0.275,-0.024,-0.078
2016-12-14,736678.4167,-0.248, 0.011, 0.022,-0.453,-0.007,-0.138
2016-12-15,736679.4167,-0.041, 0.012, 0.032,-0.148, 0.001, 0.052
2016-12-16,736680.4167, 0.059,-0.001, 0.004,-0.011,-0.012, 0.070
2016-12-17,736681.4167, 0.156,-0.008,-0.021, 0.114,-0.022, 0.107
2016-12-18,736682.4167, 0.202,-0.030,-0.028, 0.295,-0.035, 0.097
2016-12-19,736683.4167,-0.053,-0.020,-0.002,-0.042,-0.031,-0.077
2016-12-20,736684.4167,-0.296,-0.002,-0.003,-0.415,-0.051,-0.257
2016-12-21,736685.4167,-0.013,-0.002, 0.006,-0.064,-0.007, 0.010
2016-12-22,736686.4167, 0.051,-0.004,-0.009,-0.003, 0.001, 0.025
2016-12-23,736687.4167,-0.260,-0.014,-0.003,-0.371,-0.023,-0.185
2016-12-24,736688.4167,-0.198,-0.004,-0.049,-0.256,-0.015,-0.111
2016-12-25,736689.4167,-0.152,-0.004, 0.002,-0.217,-0.020,-0.075
2016-12-26,736690.4167,-0.375,-0.013,-0.003,-0.449,-0.058,-0.329
2016-12-27,736691.4167,-0.404,-0.009, 0.008,-0.608,-0.030,-0.288
2016-12-28,736692.4167,-0.326,-0.026,-0.070,-0.508,-0.028,-0.216
2016-12-29,736693.4167,-0.228, 0.015,-0.001,-0.377, 0.001,-0.130
2016-12-30,736694.4167,-0.095,-0.007,-0.000,-0.188,-0.036,-0.045
2016-12-31,736695.4167,-0.123,-0.019,-0.036,-0.201,-0.012,-0.060
2017-01-01,736696.4167,-0.185, 0.005,-0.029,-0.310, 0.011,-0.089
2017-01-02,736697.4167,-0.097, 0.012,-0.000,-0.171,-0.007,-0.045
2017-01-03,736698.4167,-0.017,-0.006,-0.009,-0.108,-0.009, 0.027
2017-01-04,736699.4167,-0.007, 0.013, 0.033,-0.107, 0.011, 0.034
2017-01-05,736700.4167, 0.008,-0.013, 0.008,-0.090,-0.019, 0.079
2017-01-06,736701.4167,-0.039,-0.006,-0.002,-0.130,-0.001, 0.016
2017-01-07,736702.4167,-0.096,-0.010,-0.034,-0.198, 0.002,-0.042
2017-01-08,736703.4167,-0.111,-0.014,-0.007,-0.207,-0.012,-0.043
2017-01-09,736704.4167, 0.042,-0.026,-0.033,-0.045,-0.015, 0.096
2017-01-10,736705.4167, 0.013,-0.006,-0.016,-0.044, 0.002, 0.049
2017-01-11,736706.4167, 0.045,-0.002, 0.008,-0.008,-0.016, 0.078
2017-01-12,736707.4167, 0.083,-0.010,-0.035, 0.053, 0.009, 0.072
2017-01-13,736708.4167, 0.054,-0.015,-0.020, 0.043,-0.006, 0.030
2017-01-14,736709.4167, 0.013, 0.002,-0.006,-0.013, 0.006, 0.015
2017-01-15,736710.4167, 0.182,-0.007,-0.030, 0.174, 0.022, 0.191
2017-01-16,736711.4167, 0.001,-0.012,-0.007,-0.003,-0.014,-0.004
2017-01-17,736712.4167,-0.012,-0.016,-0.034,-0.071,-0.011, 0.001
2017-01-18,736713.4167, 0.073, 0.005, 0.009, 0.060,-0.002, 0.089
2017-01-19,736714.4167, 0.107,-0.007, 0.009, 0.109,-0.016, 0.099
2017-01-20,736715.4167, 0.018, 0.007,-0.027,-0.046,-0.001,-0.017
2017-01-21,736716.4167, 0.210,-0.001,-0.012, 0.295,-0.015, 0.112
2017-01-22,736717.4167, 0.247,-0.027,-0.016, 0.334, 0.007, 0.122
2017-01-23,736718.4167,-0.080,-0.018, 0.002,-0.058,-0.046,-0.120
2017-01-24,736719.4167,-0.011, 0.013, 0.004,-0.013, 0.003,-0.041
2017-01-25,736720.4167, 0.159, 0.007,-0.005, 0.226, 0.020, 0.112
2017-01-26,736721.4167, 0.129, 0.012, 0.008, 0.204, 0.024, 0.073
2017-01-27,736722.4167, 0.077,-0.016, 0.022, 0.202,-0.016,-0.034
2017-01-28,736723.4167, 0.116,-0.015,-0.055, 0.162, 0.008, 0.045
2017-01-29,736724.4167, 0.216,-0.019,-0.041, 0.277,-0.021, 0.148
2017-01-30,736725.4167, 0.210,-0.015,-0.054, 0.236, 0.003, 0.181
2017-01-31,736726.4167, 0.162, 0.015,-0.006, 0.222, 0.018, 0.106
2017-02-01,736727.4167, 0.151,-0.007,-0.020, 0.265, 0.021, 0.044
2017-02-02,736728.4167, 0.061,-0.005,-0.056, 0.138, 0.028,-0.019
2017-02-03,736729.4167, 0.024,-0.013,-0.041, 0.018, 0.001, 0.039
2017-02-04,736730.4167,-0.063,-0.016,-0.022,-0.079,-0.006,-0.065
2017-02-05,736731.4167,-0.143,-0.004,-0.002,-0.202,-0.021,-0.113
2017-02-06,736732.4167,-0.032, 0.019, 0.041,-0.021,-0.007, 0.018
2017-02-07,736733.4167, 0.052, 0.013, 0.014, 0.181, 0.004,-0.080
2017-02-08,736734.4167,-0.219,-0.020,-0.003,-0.197,-0.050,-0.190
2017-02-09,736735.4167,-0.416,-0.026, 0.024,-0.531,-0.088,-0.330
2017-02-10,736736.4167,-0.378,-0.007, 0.028,-0.501,-0.065,-0.309
2017-02-11,736737.4167,-0.400,-0.015, 0.020,-0.500,-0.048,-0.319
2017-02-12,736738.4167,-0.384,-0.007,-0.007,-0.535,-0.027,-0.290
2017-02-13,736739.4167,-0.182, 0.007, 0.021,-0.195, 0.003,-0.139
2017-02-14,736740.4167,-0.166,-0.015,-0.016,-0.229,-0.025,-0.148
2017-02-15,736741.4167,-0.404,-0.014, 0.007,-0.513,-0.037,-0.340
2017-02-16,736742.4167,-0.377,-0.022,-0.029,-0.476,-0.047,-0.305
2017-02-17,736743.4167,-0.335,-0.019,-0.002,-0.429,-0.054,-0.299
2017-02-18,736744.4167,-0.372, 0.011, 0.012,-0.505,-0.010,-0.289
2017-02-19,736745.4167,-0.278, 0.002,-0.003,-0.341,-0.033,-0.234
2017-02-20,736746.4167,-0.362,-0.006,-0.000,-0.449,-0.045,-0.309
2017-02-21,736747.4167,-0.414, 0.004, 0.006,-0.596,-0.029,-0.321
2017-02-22,736748.4167,-0.390,-0.023, 0.006,-0.447,-0.070,-0.349
2017-02-23,736749.4167,-0.458,-0.008,-0.005,-0.632,-0.073,-0.381
2017-02-24,736750.4167,-0.347, 0.018, 0.045,-0.519,-0.013,-0.263
2017-02-25,736751.4167,-0.222, 0.017, 0.042,-0.330, 0.023,-0.133
2017-02-26,736752.4167,-0.223, 0.011, 0.072,-0.317, 0.006,-0.110
2017-02-27,736753.4167,-0.187,-0.003,-0.002,-0.287, 0.005,-0.068
2017-02-28,736754.4167,-0.266, 0.025, 0.066,-0.394, 0.007,-0.078
2017-03-01,736755.4167,-0.311, 0.002, 0.002,-0.357,-0.002,-0.199
2017-03-02,736756.4167,-0.162,-0.011, 0.009,-0.130,-0.016,-0.130
2017-03-03,736757.4167,-0.007, 0.017, 0.057,-0.102,-0.010, 0.078
2017-03-04,736758.4167, 0.031,-0.016,-0.043, 0.058,-0.011, 0.021
2017-03-05,736759.4167, 0.331,-0.009,-0.046, 0.544, 0.028, 0.081
2017-03-06,736760.4167, 0.574,-0.022,-0.091, 0.673, 0.055, 0.464
2017-03-07,736761.4167, 0.407,-0.028,-0.039, 0.570,-0.026, 0.267
2017-03-08,736762.4167, 0.226,-0.005,-0.008, 0.338,-0.031, 0.112
2017-03-09,736763.4167, 0.016, 0.025, 0.033, 0.094,-0.002,-0.057
2017-03-10,736764.4167,-0.013, 0.010, 0.020,-0.002,-0.015,-0.025
2017-03-11,736765.4167,-0.131, 0.008, 0.020,-0.162, 0.012,-0.051
2017-03-12,736766.4167,-0.164,-0.011,-0.006,-0.263,-0.005,-0.048
2017-03-13,736767.4167,-0.132,-0.003, 0.041,-0.415,-0.022, 0.079
2017-03-14,736768.4167,-0.050, 0.006, 0.039,-0.269, 0.004, 0.078
2017-03-15,736769.4167,-0.094, 0.012, 0.067,-0.309,-0.000, 0.009
2017-03-16,736770.4167,-0.195, 0.023, 0.000,-0.364, 0.011,-0.102
2017-03-17,736771.4167, 0.130,-0.005,-0.039, 0.098, 0.001, 0.152
2017-03-18,736772.4167, 0.173,-0.019, 0.035, 0.164, 0.002, 0.124
2017-03-19,736773.4167,-0.049, 0.006, 0.002,-0.085,-0.013,-0.013
2017-03-20,736774.4167,-0.082,-0.004,-0.012,-0.182, 0.004, 0.009
2017-03-21,736775.4167,-0.131, 0.003, 0.017,-0.251, 0.016,-0.056
2017-03-22,736776.4167,-0.156, 0.010,-0.000,-0.261, 0.019,-0.081
2017-03-23,736777.4167, 0.259,-0.032,-0.017, 0.288,-0.036, 0.204
2017-03-24,736778.4167, 0.279,-0.036,-0.059, 0.370,-0.022, 0.195
2017-03-25,736779.4167, 0.150,-0.015,-0.030, 0.220, 0.003, 0.050
2017-03-26,736780.4167,-0.064, 0.003, 0.042,-0.083,-0.017,-0.070
2017-03-27,736781.4167,-0.056,-0.017,-0.025,-0.157,-0.016, 0.031
2017-03-28,736782.4167, 0.174,-0.023,-0.006, 0.228,-0.005, 0.091
2017-03-29,736783.4167, 0.209,-0.008,-0.029, 0.317, 0.010, 0.126
2017-03-30,736784.4167, 0.533, 0.010,-0.062, 0.697, 0.048, 0.323
2017-03-31,736785.4167, 0.304, 0.014, 0.062, 0.287,-0.003, 0.296
2017-04-01,736786.4167, 0.061, 0.067, 0.026, 0.067, 0.019, 0.050
2017-04-02,736787.4167, 0.375, 0.023,-0.041, 0.533, 0.046, 0.203
2017-04-03,736788.4167, 0.200,-0.005,-0.101, 0.336, 0.031, 0.059
2017-04-04,736789.4167,-0.196, 0.056, 0.081,-0.237,-0.005,-0.144
2017-04-05,736790.4167,-0.360,-0.028,-0.062,-0.454,-0.019,-0.199
2017-04-06,736791.4167,-0.336,-0.028,-0.027,-0.431,-0.014,-0.181
2017-04-07,736792.4167,-0.366,-0.028,-0.047,-0.505,-0.019,-0.170
2017-04-08,736793.4167,-0.417,-0.024,-0.025,-0.618,-0.032,-0.186
2017-04-09,736794.4167,-0.400,-0.030,-0.017,-0.605,-0.058,-0.198
2017-04-10,736795.4167,-0.405,-0.017,-0.030,-0.606,-0.009,-0.168
2017-04-11,736796.4167,-0.137,-0.004,-0.033,-0.228, 0.026, 0.001
2017-04-12,736797.4167,-0.209,-0.006,-0.004,-0.268,-0.020,-0.145
2017-04-13,736798.4167,-0.253,-0.030,-0.043,-0.323,-0.025,-0.122
2017-04-14,736799.4167,-0.393,-0.031,-0.040,-0.499,-0.018,-0.202
2017-04-15,736800.4167,-0.435,-0.027,-0.041,-0.612,-0.024,-0.179
2017-04-16,736801.4167,-0.493,-0.026,-0.041,-0.702,-0.037,-0.211
2017-04-17,736802.4167,-0.551,-0.014,-0.023,-0.778,-0.042,-0.309
2017-04-18,736803.4167,-0.639,-0.033,-0.038,-0.888,-0.047,-0.401
2017-04-19,736804.4167,-0.652,-0.043,-0.027,-0.930,-0.094,-0.430
2017-04-20,736805.4167,-0.529,-0.047,-0.079,-0.856,-0.104,-0.352
2017-04-21,736806.4167,-0.331,-0.030,-0.035,-0.564,-0.076,-0.251
2017-04-22,736807.4167,-0.373,-0.033,-0.017,-0.615,-0.050,-0.260
2017-04-23,736808.4167,-0.349,-0.026,-0.029,-0.573,-0.039,-0.219
2017-04-24,736809.4167,-0.317,-0.014,-0.039,-0.571,-0.021,-0.164
2017-04-25,736810.4167,-0.317,-0.018,-0.015,-0.561,-0.038,-0.179
2017-04-26,736811.4167,-0.084, 0.006,-0.018,-0.333, 0.017, 0.051
2017-04-27,736812.4167, 0.022, 0.003,-0.020,-0.147,-0.000, 0.123
2017-04-28,736813.4167,-0.089, 0.008, 0.037,-0.224, 0.007, 0.007
2017-04-29,736814.4167,-0.081,-0.005, 0.005,-0.231,-0.016, 0.020
2017-04-30,736815.4167,-0.068,-0.018,-0.024,-0.144,-0.007, 0.004
2017-05-01,736816.4167,-0.213,-0.018, 0.009,-0.322,-0.028,-0.105
2017-05-02,736817.4167,-0.131,-0.013,-0.024,-0.203, 0.005,-0.027
2017-05-03,736818.4167, 0.003,-0.004,-0.016,-0.012,-0.008, 0.041
2017-05-04,736819.4167, 0.019, 0.012, 0.028, 0.017,-0.001, 0.039
2017-05-05,736820.4167,-0.026,-0.010,-0.008,-0.070,-0.004, 0.020
2017-05-06,736821.4167,-0.085, 0.008, 0.047,-0.160,-0.008,-0.015
2017-05-07,736822.4167,-0.093, 0.012, 0.016,-0.223, 0.002, 0.024
2017-05-08,736823.4167,-0.035,-0.020, 0.005,-0.118,-0.010, 0.036
2017-05-09,736824.4167, 0.120,-0.005,-0.016, 0.081, 0.033, 0.150
2017-05-10,736825.4167, 0.056,-0.017,-0.046, 0.075,-0.015, 0.049
2017-05-11,736826.4167,-0.003, 0.012, 0.051,-0.027,-0.023, 0.028
2017-05-12,736827.4167,-0.093, 0.035, 0.070,-0.118, 0.001,-0.083
2017-05-13,736828.4167,-0.223, 0.010, 0.036,-0.294,-0.015,-0.220
2017-05-14,736829.4167,-0.126, 0.009, 0.032,-0.288, 0.013,-0.035
2017-05-15,736830.4167,-0.012, 0.012, 0.007,-0.105, 0.012, 0.029
2017-05-16,736831.4167, 0.096,-0.004,-0.028, 0.065, 0.013, 0.126
2017-05-17,736832.4167, 0.031,-0.011,-0.001, 0.014,-0.009, 0.037
2017-05-18,736833.4167,-0.067,-0.006, 0.006,-0.089,-0.019,-0.062
2017-05-19,736834.4167,-0.201, 0.013, 0.044,-0.303,-0.023,-0.109
2017-05-20,736835.4167,-0.215,-0.025,-0.018,-0.235,-0.033,-0.190
2017-05-21,736836.4167,-0.127,-0.007, 0.011,-0.202,-0.002,-0.069
2017-05-22,736837.4167,-0.150, 0.014, 0.017,-0.224, 0.020,-0.072
2017-05-23,736838.4167,-0.252, 0.007, 0.033,-0.318,-0.022,-0.195
2017-05-24,736839.4167,-0.143,-0.002,-0.000,-0.234,-0.006,-0.033
2017-05-25,736840.4167, 0.040,-0.012,-0.022,-0.016, 0.004, 0.094
2017-05-26,736841.4167, 0.089,-0.018, 0.006, 0.072,-0.010, 0.097
2017-05-27,736842.4167,-0.018,-0.001, 0.053,-0.049,-0.027,-0.009
2017-05-28,736843.4167,-0.083, 0.007, 0.041,-0.109,-0.014,-0.072
2017-05-29,736844.4167, 0.023, 0.012, 0.036,-0.008,-0.015, 0.028
2017-05-30,736845.4167, 0.071, 0.006,-0.017, 0.108, 0.021, 0.026
2017-05-31,736846.4167, 0.199,-0.018,-0.088, 0.212, 0.059, 0.201
2017-06-01,736847.4167, 0.094, 0.003, 0.003, 0.109, 0.010, 0.080
2017-06-02,736848.4167,-0.005,-0.011, 0.033, 0.016,-0.060,-0.033
2017-06-03,736849.4167,-0.128,-0.016, 0.018,-0.097,-0.051,-0.159
2017-06-04,736850.4167,-0.207,-0.003, 0.003,-0.215,-0.028,-0.198
2017-06-05,736851.4167,-0.151,-0.006, 0.004,-0.131,-0.015,-0.164
2017-06-06,736852.4167, 0.026, 0.005,-0.024, 0.025, 0.030, 0.032
2017-06-07,736853.4167, 0.246, 0.013,-0.052, 0.201, 0.065, 0.256
2017-06-08,736854.4167,-0.108,-0.003,-0.008,-0.090,-0.015,-0.147
2017-06-09,736855.4167,-0.093, 0.009,-0.005,-0.106, 0.018,-0.093
2017-06-10,736856.4167,-0.110,-0.003,-0.007,-0.143, 0.001,-0.087
2017-06-11,736857.4167,-0.175,-0.008, 0.000,-0.157,-0.035,-0.194
2017-06-12,736858.4167,-0.019,-0.013,-0.019,-0.028,-0.004,-0.019
2017-06-13,736859.4167, 0.063,-0.000,-0.006, 0.030, 0.004, 0.075
2017-06-14,736860.4167,-0.054, 0.001,-0.000,-0.042, 0.005,-0.065
2017-06-15,736861.4167,-0.073,-0.001, 0.007,-0.120,-0.005,-0.037
2017-06-16,736862.4167,-0.007,-0.007,-0.009,-0.058,-0.007, 0.031
2017-06-17,736863.4167,-0.084, 0.028, 0.034,-0.121, 0.016,-0.054
2017-06-18,736864.4167, 0.093, 0.027,-0.013, 0.059, 0.055, 0.126
2017-06-19,736865.4167, 0.210,-0.004,-0.016, 0.242,-0.013, 0.151
2017-06-20,736866.4167, 0.145,-0.007,-0.021, 0.175, 0.002, 0.126
2017-06-21,736867.4167, 0.026, 0.009,-0.018, 0.016,-0.016,-0.001
2017-06-22,736868.4167, 0.005, 0.004,-0.004,-0.006, 0.041,-0.030
2017-06-23,736869.4167,-0.117, 0.004, 0.022,-0.134, 0.011,-0.112
2017-06-24,736870.4167,-0.078, 0.010, 0.042,-0.136,-0.033,-0.040
2017-06-25,736871.4167,-0.120, 0.014, 0.014,-0.185, 0.036,-0.079
2017-06-26,736872.4167,-0.286,-0.005, 0.007,-0.310,-0.041,-0.279
2017-06-27,736873.4167,-0.060,-0.020,-0.038,-0.131,-0.004,-0.008
2017-06-28,736874.4167,-0.192, 0.001,-0.008,-0.279, 0.003,-0.132
2017-06-29,736875.4167,-0.030,-0.036,-0.050,-0.139,-0.014, 0.067
2017-06-30,736876.4167,-0.046,-0.059,-0.105,-0.048,-0.019, 0.012
2017-07-01,736877.4167,-0.047,-0.046,-0.052,-0.027,-0.048,-0.060
2017-07-02,736878.4167,-0.165, 0.004, 0.005,-0.191,-0.004,-0.145
2017-07-03,736879.4167,-0.171, 0.019, 0.037,-0.253,-0.005,-0.119
2017-07-04,736880.4167,-0.221, 0.005, 0.010,-0.300,-0.017,-0.149
2017-07-05,736881.4167,-0.255, 0.002,-0.008,-0.274,-0.008,-0.239
2017-07-06,736882.4167,-0.018,-0.000, 0.006,-0.059,-0.009, 0.015
2017-07-07,736883.4167,-0.040,-0.012,-0.013,-0.115,-0.026, 0.015
2017-07-08,736884.4167,-0.085, 0.035, 0.067,-0.160, 0.009,-0.021
2017-07-09,736885.4167,-0.130, 0.001,-0.001,-0.212,-0.003,-0.059
2017-07-10,736886.4167,-0.117,-0.032,-0.037,-0.102,-0.014,-0.106
2017-07-11,736887.4167,-0.033, 0.015, 0.011,-0.041, 0.016,-0.021
2017-07-12,736888.4167, 0.069, 0.010, 0.006, 0.053, 0.017, 0.082
2017-07-13,736889.4167,-0.085, 0.015, 0.020,-0.107, 0.006,-0.073
2017-07-14,736890.4167,-0.191,-0.001, 0.010,-0.231,-0.019,-0.169
2017-07-15,736891.4167,-0.157, 0.002,-0.005,-0.221, 0.011,-0.100
2017-07-16,736892.4167,-0.110,-0.007,-0.013,-0.156,-0.004,-0.067
2017-07-17,736893.4167,-0.281, 0.015, 0.042,-0.308,-0.011,-0.263
2017-07-18,736894.4167,-0.146,-0.000,-0.016,-0.272, 0.003,-0.053
2017-07-19,736895.4167,-0.129, 0.013,-0.031,-0.206, 0.012,-0.077
2017-07-20,736896.4167,-0.078,-0.031,-0.039,-0.054,-0.031,-0.102
2017-07-21,736897.4167, 0.035,-0.006,-0.017,-0.009, 0.004, 0.057
2017-07-22,736898.4167,-0.131, 0.001,-0.004,-0.203,-0.003,-0.102
2017-07-23,736899.4167,-0.188, 0.010,-0.007,-0.254, 0.024,-0.139
2017-07-24,736900.4167,-0.191, 0.018, 0.018,-0.271, 0.007,-0.125
2017-07-25,736901.4167,-0.199,-0.006, 0.003,-0.232,-0.023,-0.161
2017-07-26,736902.4167,-0.046,-0.000,-0.016,-0.062, 0.014,-0.014
2017-07-27,736903.4167, 0.063,-0.023,-0.021, 0.048,-0.027, 0.066
2017-07-28,736904.4167,-0.190, 0.012, 0.028,-0.261, 0.006,-0.173
2017-07-29,736905.4167,-0.115,-0.009,-0.008,-0.193,-0.005,-0.065
2017-07-30,736906.4167,-0.217, 0.017, 0.033,-0.264, 0.005,-0.185
2017-07-31,736907.4167,-0.136,-0.006,-0.011,-0.223,-0.006,-0.076
2017-08-01,736908.4167, 0.036,-0.002,-0.048,-0.034, 0.020, 0.105
2017-08-02,736909.4167,-0.039, 0.014, 0.018,-0.057,-0.002,-0.016
2017-08-03,736910.4167,-0.208, 0.005, 0.021,-0.266,-0.006,-0.170
2017-08-04,736911.4167,-0.327, 0.003, 0.009,-0.347,-0.012,-0.306
2017-08-05,736912.4167,-0.389, 0.006, 0.022,-0.413,-0.015,-0.369
2017-08-06,736913.4167,-0.254, 0.001, 0.009,-0.258,-0.002,-0.246
2017-08-07,736914.4167,-0.229, 0.010, 0.012,-0.245, 0.009,-0.213
2017-08-08,736915.4167,-0.241, 0.016, 0.003,-0.311, 0.026,-0.173
2017-08-09,736916.4167,-0.163, 0.037, 0.040,-0.233, 0.033,-0.096
2017-08-10,736917.4167,-0.298, 0.001, 0.011,-0.389, 0.005,-0.198
2017-08-11,736918.4167,-0.362, 0.009, 0.032,-0.424,-0.045,-0.341
2017-08-12,736919.4167,-0.275, 0.022, 0.030,-0.331,-0.012,-0.266
2017-08-13,736920.4167,-0.186, 0.034, 0.052,-0.298, 0.024,-0.117
2017-08-14,736921.4167,-0.156, 0.030, 0.054,-0.226, 0.012,-0.125
2017-08-15,736922.4167,-0.164, 0.004, 0.021,-0.170,-0.007,-0.187
2017-08-16,736923.4167,-0.301, 0.000,-0.026,-0.422, 0.018,-0.219
2017-08-17,736924.4167,-0.433, 0.000, 0.019,-0.509,-0.032,-0.374
2017-08-18,736925.4167,-0.079,-0.001,-0.015,-0.120, 0.006,-0.060
2017-08-19,736926.4167, 0.274, 0.011,-0.075, 0.235, 0.079, 0.277
2017-08-20,736927.4167, 0.067, 0.010,-0.033, 0.096, 0.034, 0.061
2017-08-21,736928.4167,-0.229,-0.018,-0.018,-0.224,-0.024,-0.239
2017-08-22,736929.4167,-0.330,-0.013, 0.014,-0.363,-0.068,-0.325
2017-08-23,736930.4167,-0.529, 0.004, 0.046,-0.640,-0.077,-0.452
2017-08-24,736931.4167,-0.259, 0.012,-0.017,-0.330, 0.003,-0.233
2017-08-25,736932.4167,-0.098, 0.008,-0.002,-0.173, 0.016,-0.037
2017-08-26,736933.4167,-0.298,-0.009,-0.005,-0.376,-0.032,-0.243
2017-08-27,736934.4167,-0.320, 0.013, 0.009,-0.352, 0.020,-0.286
2017-08-28,736935.4167,-0.331, 0.013,-0.032,-0.421, 0.049,-0.202
2017-08-29,736936.4167,-0.495,-0.002, 0.029,-0.616,-0.047,-0.419
2017-08-30,736937.4167,-0.316, 0.014,-0.004,-0.482,-0.010,-0.246
2017-08-31,736938.4167,-0.198, 0.004,-0.028,-0.271, 0.012,-0.173
2017-09-01,736939.4167,-0.415,-0.012,-0.003,-0.523,-0.043,-0.351
2017-09-02,736940.4167,-0.451,-0.012, 0.022,-0.559,-0.069,-0.390
2017-09-03,736941.4167,-0.488,-0.027, 0.010,-0.557,-0.082,-0.439
2017-09-04,736942.4167,-0.511,-0.034,-0.027,-0.619,-0.043,-0.426
2017-09-05,736943.4167,-0.333,-0.026,-0.011,-0.370,-0.056,-0.309
2017-09-06,736944.4167,-0.142,-0.020,-0.060,-0.238,-0.008,-0.102
2017-09-07,736945.4167,-0.212, 0.003, 0.012,-0.301,-0.007,-0.148
2017-09-08,736946.4167,-0.438,-0.016,-0.005,-0.525,-0.038,-0.350
2017-09-09,736947.4167,-0.472,-0.016,-0.012,-0.548,-0.080,-0.436
2017-09-10,736948.4167,-0.628,-0.020, 0.061,-0.724,-0.132,-0.555
2017-09-11,736949.4167,-0.623,-0.015, 0.054,-0.672,-0.126,-0.550
2017-09-12,736950.4167,-0.614,-0.021, 0.048,-0.652,-0.112,-0.538
2017-09-13,736951.4167,-0.445,-0.024, 0.011,-0.507,-0.097,-0.403
2017-09-14,736952.4167,-0.420,-0.029,-0.054,-0.524,-0.064,-0.350
2017-09-15,736953.4167,-0.515,-0.020, 0.000,-0.652,-0.076,-0.419
2017-09-16,736954.4167,-0.458,-0.001, 0.013,-0.589,-0.056,-0.378
2017-09-17,736955.4167,-0.374,-0.024,-0.008,-0.427,-0.084,-0.338
2017-09-18,736956.4167,-0.441,-0.020, 0.004,-0.541,-0.071,-0.368
2017-09-19,736957.4167,-0.414,-0.011,-0.028,-0.566,-0.044,-0.335
2017-09-20,736958.4167,-0.400,-0.010,-0.003,-0.547,-0.057,-0.336
2017-09-21,736959.4167,-0.620,-0.009, 0.059,-0.735,-0.101,-0.519
2017-09-22,736960.4167,-0.491,-0.008, 0.067,-0.468,-0.088,-0.471
2017-09-23,736961.4167,-0.510, 0.003, 0.069,-0.570,-0.092,-0.453
2017-09-24,736962.4167,-0.613,-0.005, 0.060,-0.749,-0.086,-0.513
2017-09-25,736963.4167,-0.424,-0.002, 0.036,-0.482,-0.045,-0.383
2017-09-26,736964.4167,-0.136, 0.038, 0.055,-0.273, 0.021,-0.095
2017-09-27,736965.4167,-0.186, 0.009, 0.050,-0.297,-0.013,-0.131
2017-09-28,736966.4167,-0.276, 0.002, 0.030,-0.437,-0.019,-0.212
2017-09-29,736967.4167,-0.114, 0.006, 0.014,-0.254, 0.003,-0.023
2017-09-30,736968.4167,-0.114,-0.001,-0.002,-0.242, 0.017,-0.046
2017-10-01,736969.4167,-0.042, 0.015, 0.010,-0.166, 0.044, 0.075
2017-10-02,736970.4167,-0.065,-0.009, 0.002,-0.198, 0.036, 0.051
2017-10-03,736971.4167,-0.132,-0.003, 0.017,-0.265,-0.011,-0.065
2017-10-04,736972.4167,-0.165, 0.001, 0.006,-0.265, 0.003,-0.088
2017-10-05,736973.4167,-0.263,-0.023, 0.003,-0.371,-0.047,-0.186
2017-10-06,736974.4167,-0.124, 0.006,-0.025,-0.202, 0.003,-0.064
2017-10-07,736975.4167, 0.068,-0.017,-0.013, 0.066,-0.022, 0.057
2017-10-08,736976.4167,-0.093, 0.006, 0.014,-0.122, 0.022,-0.065
2017-10-09,736977.4167,-0.124,-0.003, 0.004,-0.243,-0.008,-0.031
2017-10-10,736978.4167,-0.112,-0.010, 0.004,-0.279,-0.024,-0.003
2017-10-11,736979.4167,-0.246,-0.014, 0.001,-0.390,-0.033,-0.149
2017-10-12,736980.4167,-0.142,-0.005, 0.003,-0.212,-0.013,-0.084
2017-10-13,736981.4167, 0.064,-0.001, 0.004,-0.057, 0.004, 0.140
2017-10-14,736982.4167, 0.012, 0.009, 0.013,-0.031, 0.009,-0.006
2017-10-15,736983.4167,-0.150,-0.001,-0.002,-0.214, 0.008,-0.108
2017-10-16,736984.4167,-0.081,-0.012, 0.013,-0.158,-0.023,-0.003
2017-10-17,736985.4167,-0.089,-0.027,-0.037,-0.219,-0.022,-0.003
2017-10-18,736986.4167,-0.208,-0.020, 0.002,-0.341,-0.032,-0.124
2017-10-19,736987.4167,-0.267,-0.017, 0.014,-0.424,-0.043,-0.205
2017-10-20,736988.4167,-0.155, 0.010,-0.018,-0.296, 0.014,-0.045
2017-10-21,736989.4167,-0.056, 0.010, 0.004,-0.095,-0.005,-0.027
2017-10-22,736990.4167,-0.058, 0.008,-0.008,-0.130, 0.024,-0.001
2017-10-23,736991.4167,-0.067, 0.011, 0.023,-0.134, 0.005,-0.038
2017-10-24,736992.4167,-0.125,-0.004,-0.004,-0.219,-0.015,-0.093
2017-10-25,736993.4167,-0.114,-0.003,-0.008,-0.254,-0.014,-0.036
2017-10-26,736994.4167,-0.108, 0.001, 0.002,-0.136,-0.006,-0.069
2017-10-27,736995.4167,-0.032, 0.002, 0.004, 0.006,-0.017,-0.102
2017-10-28,736996.4167,-0.141,-0.001, 0.020,-0.197,-0.013,-0.098
2017-10-29,736997.4167,-0.216,-0.022,-0.033,-0.347,-0.011,-0.104
2017-10-30,736998.4167,-0.003,-0.010,-0.040, 0.024,-0.011, 0.031
2017-10-31,736999.4167, 0.264,-0.004,-0.022, 0.341, 0.015, 0.199
2017-11-01,737000.4167, 0.183, 0.004, 0.010, 0.207, 0.008, 0.151
2017-11-02,737001.4167, 0.097,-0.004, 0.025, 0.075, 0.024, 0.096
2017-11-03,737002.4167,-0.004, 0.025,-0.025, 0.014, 0.065,-0.016
2017-11-04,737003.4167, 0.030, 0.014,-0.024, 0.012, 0.040, 0.036
2017-11-05,737004.4167,-0.043,-0.012, 0.056,-0.097,-0.068,-0.018
2017-11-06,737005.4167,-0.017,-0.000,-0.008,-0.042, 0.004, 0.051
2017-11-07,737006.4167, 0.133, 0.019,-0.008, 0.122, 0.035, 0.144
2017-11-08,737007.4167, 0.008, 0.022, 0.013, 0.017, 0.027, 0.003
2017-11-09,737008.4167,-0.204, 0.001,-0.000,-0.227, 0.017,-0.200
2017-11-10,737009.4167,-0.232, 0.003, 0.011,-0.328, 0.012,-0.162
2017-11-11,737010.4167,-0.150,-0.006,-0.007,-0.259,-0.014,-0.060
2017-11-12,737011.4167,-0.202,-0.003, 0.014,-0.263,-0.012,-0.175
2017-11-13,737012.4167,-0.278,-0.003, 0.024,-0.442,-0.039,-0.195
2017-11-14,737013.4167,-0.382, 0.006, 0.037,-0.471,-0.042,-0.327
2017-11-15,737014.4167,-0.436, 0.001, 0.042,-0.481,-0.035,-0.401
2017-11-16,737015.4167,-0.474, 0.006, 0.072,-0.465,-0.041,-0.450
2017-11-17,737016.4167,-0.534,-0.002, 0.049,-0.585,-0.027,-0.477
2017-11-18,737017.4167,-0.524,-0.004, 0.042,-0.543,-0.055,-0.487
2017-11-19,737018.4167,-0.441, 0.003, 0.035,-0.450,-0.034,-0.428
2017-11-20,737019.4167,-0.454, 0.003, 0.044,-0.488,-0.035,-0.422
2017-11-21,737020.4167,-0.363, 0.001, 0.035,-0.371,-0.035,-0.355
2017-11-22,737021.4167,-0.328, 0.005, 0.017,-0.349,-0.034,-0.318
2017-11-23,737022.4167,-0.343, 0.004, 0.029,-0.339,-0.043,-0.341
2017-11-24,737023.4167,-0.381, 0.006, 0.028,-0.365,-0.062,-0.386
2017-11-25,737024.4167,-0.416, 0.005, 0.039,-0.402,-0.068,-0.416
2017-11-26,737025.4167,-0.437, 0.008, 0.010,-0.498,-0.058,-0.407
2017-11-27,737026.4167,-0.306, 0.001, 0.020,-0.377,-0.036,-0.290
2017-11-28,737027.4167,-0.161, 0.007, 0.027,-0.240,-0.005,-0.127
2017-11-29,737028.4167,-0.096, 0.018, 0.022,-0.163, 0.004,-0.068
2017-11-30,737029.4167,-0.156, 0.003, 0.010,-0.235,-0.001,-0.111
2017-12-01,737030.4167,-0.210,-0.015,-0.022,-0.236,-0.035,-0.188
2017-12-02,737031.4167,-0.226,-0.003, 0.004,-0.284,-0.028,-0.204
2017-12-03,737032.4167,-0.113, 0.004, 0.012,-0.174, 0.003,-0.079
2017-12-04,737033.4167, 0.205,-0.003,-0.030, 0.274, 0.013, 0.108
2017-12-05,737034.4167, 0.338,-0.028,-0.083, 0.432,-0.014, 0.210
2017-12-06,737035.4167, 0.089,-0.026,-0.043, 0.071,-0.015, 0.080
2017-12-07,737036.4167,   NaN,   NaN,   NaN,   NaN,   NaN,   NaN
2017-12-08,737037.4167,   NaN,   NaN,   NaN,   NaN,   NaN,   NaN
2017-12-09,737038.4167,   NaN,   NaN,   NaN,   NaN,   NaN,   NaN
2017-12-10,737039.4167,   NaN,   NaN,   NaN,   NaN,   NaN,   NaN
2017-12-11,737040.4167,   NaN,   NaN,   NaN,   NaN,   NaN,   NaN
2017-12-12,737041.4167,   NaN,   NaN,   NaN,   NaN,   NaN,   NaN
2017-12-13,737042.4167,   NaN,   NaN,   NaN,   NaN,   NaN,   NaN
2017-12-14,737043.4167,   NaN,   NaN,   NaN,   NaN,   NaN,   NaN
2017-12-15,737044.4167,   NaN,   NaN,   NaN,   NaN,   NaN,   NaN
2017-12-16,737045.4167,   NaN,   NaN,   NaN,   NaN,   NaN,   NaN
2017-12-17,737046.4167,   NaN,   NaN,   NaN,   NaN,   NaN,   NaN
2017-12-18,737047.4167,   NaN,   NaN,   NaN,   NaN,   NaN,   NaN
2017-12-19,737048.4167,   NaN,   NaN,   NaN,   NaN,   NaN,   NaN
2017-12-20,737049.4167,   NaN,   NaN,   NaN,   NaN,   NaN,   NaN
2017-12-21,737050.4167,   NaN,   NaN,   NaN,   NaN,   NaN,   NaN
2017-12-22,737051.4167,   NaN,   NaN,   NaN,   NaN,   NaN,   NaN
2017-12-23,737052.4167,   NaN,   NaN,   NaN,   NaN,   NaN,   NaN
2017-12-24,737053.4167,   NaN,   NaN,   NaN,   NaN,   NaN,   NaN
2017-12-25,737054.4167,   NaN,   NaN,   NaN,   NaN,   NaN,   NaN
2017-12-26,737055.4167,   NaN,   NaN,   NaN,   NaN,   NaN,   NaN
2017-12-27,737056.4167,   NaN,   NaN,   NaN,   NaN,   NaN,   NaN
2017-12-28,737057.4167,   NaN,   NaN,   NaN,   NaN,   NaN,   NaN
2017-12-29,737058.4167,   NaN,   NaN,   NaN,   NaN,   NaN,   NaN
2017-12-30,737059.4167,   NaN,   NaN,   NaN,   NaN,   NaN,   NaN
2017-12-31,737060.4167,   NaN,   NaN,   NaN,   NaN,   NaN,   NaN
2018-01-01,737061.4167,   NaN,   NaN,   NaN,   NaN,   NaN,   NaN
2018-01-02,737062.4167,   NaN,   NaN,   NaN,   NaN,   NaN,   NaN
2018-01-03,737063.4167,-0.076, 0.032,-0.058,-0.032, 0.151,-0.080
2018-01-04,737064.4167,-0.028, 0.002, 0.001,-0.007, 0.016,-0.045
2018-01-05,737065.4167,-0.074,-0.015,-0.021,-0.127, 0.007,-0.048
2018-01-06,737066.4167,-0.050,-0.014,-0.007,-0.191,-0.025, 0.048
2018-01-07,737067.4167,-0.008, 0.009, 0.018,-0.120, 0.012, 0.077
2018-01-08,737068.4167, 0.032,-0.010,-0.018,-0.048,-0.019, 0.080
2018-01-09,737069.4167,-0.063,-0.005,-0.033,-0.142, 0.002,-0.027
2018-01-10,737070.4167, 0.027,-0.005, 0.039,-0.035,-0.008, 0.065
2018-01-11,737071.4167,-0.018, 0.001, 0.022,-0.070,-0.013,-0.011
2018-01-12,737072.4167,-0.094,-0.004,-0.011,-0.198,-0.015,-0.043
2018-01-13,737073.4167,-0.025, 0.008,-0.030,-0.114, 0.016, 0.024
2018-01-14,737074.4167, 0.414,-0.011,-0.050, 0.482, 0.037, 0.341
2018-01-15,737075.4167, 0.438,-0.020,-0.032, 0.477,-0.007, 0.400
2018-01-16,737076.4167, 0.403,-0.020,-0.016, 0.426,-0.023, 0.380
2018-01-17,737077.4167, 0.176,-0.014,-0.017, 0.193,-0.010, 0.161
2018-01-18,737078.4167,-0.074,-0.013,-0.007,-0.065,-0.012,-0.086
2018-01-19,737079.4167,-0.162,-0.024,-0.020,-0.153,-0.031,-0.183
2018-01-20,737080.4167,-0.153,-0.007,-0.001,-0.189,-0.003,-0.073
2018-01-21,737081.4167,-0.199,-0.028,-0.045,-0.325,-0.023,-0.010
2018-01-22,737082.4167,-0.176,-0.009, 0.022,-0.388,-0.017, 0.035
2018-01-23,737083.4167,-0.185, 0.001, 0.014,-0.415,-0.003, 0.022
2018-01-24,737084.4167,-0.268, 0.005, 0.011,-0.463,-0.005,-0.082
2018-01-25,737085.4167,-0.289, 0.003, 0.024,-0.509,-0.003,-0.074
2018-01-26,737086.4167,-0.207, 0.007,-0.001,-0.487, 0.007, 0.036
2018-01-27,737087.4167,-0.219, 0.011, 0.029,-0.472,-0.019,-0.001
2018-01-28,737088.4167,-0.239, 0.006, 0.007,-0.456,-0.007,-0.029
2018-01-29,737089.4167,-0.232, 0.009, 0.005,-0.469,-0.006,-0.035
2018-01-30,737090.4167,-0.182, 0.011,-0.002,-0.349, 0.028,-0.028
2018-01-31,737091.4167, 0.134,-0.015,-0.034, 0.081,-0.004, 0.210
2018-02-01,737092.4167, 0.212, 0.008,-0.017, 0.266, 0.063, 0.137
2018-02-02,737093.4167, 0.311,-0.015,-0.003, 0.358,-0.004, 0.232
2018-02-03,737094.4167, 0.179,-0.022,-0.032, 0.184,-0.011, 0.135
2018-02-04,737095.4167,-0.029,-0.011,-0.008,-0.077,-0.006,-0.011
2018-02-05,737096.4167,-0.075,-0.019,-0.014,-0.099,-0.015,-0.036
2018-02-06,737097.4167,-0.142,-0.001, 0.040,-0.344,-0.029, 0.032
2018-02-07,737098.4167,-0.188,-0.003,-0.013,-0.395, 0.003, 0.016
2018-02-08,737099.4167,-0.212,-0.020, 0.009,-0.436,-0.025,-0.020
2018-02-09,737100.4167,-0.077,-0.006,-0.009,-0.333, 0.011, 0.116
2018-02-10,737101.4167,-0.074, 0.020, 0.020,-0.332, 0.024, 0.058
2018-02-11,737102.4167,-0.109, 0.002, 0.020,-0.369,-0.007, 0.052
2018-02-12,737103.4167,-0.068, 0.008, 0.030,-0.340,-0.003, 0.073
2018-02-13,737104.4167,-0.038,-0.005, 0.012,-0.169, 0.000, 0.012
2018-02-14,737105.4167,-0.003, 0.004, 0.018,-0.108, 0.011, 0.009
2018-02-15,737106.4167, 0.024,-0.015,-0.015,-0.028,-0.026, 0.042
2018-02-16,737107.4167, 0.045, 0.005, 0.029, 0.076, 0.005, 0.011
2018-02-17,737108.4167,-0.014,-0.016,-0.035,-0.056,-0.011,-0.010
2018-02-18,737109.4167, 0.033,-0.015,-0.022, 0.001, 0.004, 0.041
2018-02-19,737110.4167, 0.221, 0.021, 0.032, 0.307, 0.023, 0.143
2018-02-20,737111.4167, 0.157, 0.010, 0.012, 0.283,-0.016, 0.057
2018-02-21,737112.4167,-0.022,-0.010, 0.004, 0.041,-0.004,-0.081
2018-02-22,737113.4167,-0.086,-0.011,-0.019,-0.165,-0.009,-0.038
2018-02-23,737114.4167,-0.058,-0.032,-0.040,-0.130, 0.004, 0.014
2018-02-24,737115.4167, 0.000,-0.021,-0.018,-0.070,-0.018, 0.014
2018-02-25,737116.4167, 0.135, 0.026, 0.086, 0.212, 0.014, 0.079
2018-02-26,737117.4167, 0.223, 0.006, 0.002, 0.340,-0.023, 0.087
2018-02-27,737118.4167, 0.033,-0.012, 0.004, 0.119,-0.009,-0.088
2018-02-28,737119.4167,-0.070,-0.011,-0.033,-0.120,-0.004,-0.024
2018-03-01,737120.4167,-0.109, 0.010, 0.035,-0.239, 0.000,-0.001
2018-03-02,737121.4167,-0.123, 0.000,-0.009,-0.246, 0.009,-0.011
2018-03-03,737122.4167,-0.146,-0.014,-0.043,-0.255,-0.007,-0.074
2018-03-04,737123.4167, 0.091,-0.005,-0.028, 0.115, 0.032, 0.100
2018-03-05,737124.4167, 0.107,-0.003,-0.006, 0.099,-0.002, 0.089
2018-03-06,737125.4167,-0.051,-0.000, 0.002,-0.057,-0.003,-0.071
2018-03-07,737126.4167,-0.133, 0.004, 0.007,-0.224,-0.004,-0.033
2018-03-08,737127.4167,-0.152,-0.007,-0.014,-0.292, 0.012,-0.020
2018-03-09,737128.4167,-0.142,-0.057,-0.078,-0.157,-0.031,-0.135
2018-03-10,737129.4167,-0.386,-0.008, 0.004,-0.512,-0.008,-0.232
2018-03-11,737130.4167,-0.401,-0.022,-0.017,-0.584,-0.015,-0.206
2018-03-12,737131.4167,-0.143,-0.012, 0.009,-0.202, 0.004,-0.058
2018-03-13,737132.4167,-0.213,-0.002, 0.007,-0.415, 0.001, 0.007
2018-03-14,737133.4167,-0.300,-0.017,-0.013,-0.525, 0.009,-0.062
2018-03-15,737134.4167,-0.305,-0.014,-0.034,-0.509, 0.025,-0.101
2018-03-16,737135.4167,-0.309,-0.021,-0.021,-0.428,-0.000,-0.127
2018-03-17,737136.4167,-0.347,-0.031,-0.027,-0.492,-0.010,-0.185
2018-03-18,737137.4167,-0.243,-0.014,-0.014,-0.321,-0.001,-0.149
2018-03-19,737138.4167,-0.161,-0.010,-0.000,-0.202, 0.009,-0.040
2018-03-20,737139.4167, 0.008, 0.011,-0.034,-0.093, 0.023, 0.083
2018-03-21,737140.4167, 0.090, 0.006,-0.012, 0.077, 0.000, 0.095
2018-03-22,737141.4167,-0.002,-0.022,-0.010,-0.079,-0.027, 0.018
2018-03-23,737142.4167,-0.099,-0.002, 0.029,-0.240,-0.010,-0.005
2018-03-24,737143.4167,-0.215,-0.012,-0.006,-0.395,-0.023,-0.085
2018-03-25,737144.4167,-0.270,-0.020, 0.007,-0.558,-0.023,-0.110
2018-03-26,737145.4167,-0.242, 0.003,-0.008,-0.459,-0.005,-0.081
2018-03-27,737146.4167, 0.026, 0.015, 0.005,-0.180, 0.015, 0.155
2018-03-28,737147.4167, 0.004,-0.018,-0.011,-0.076,-0.017, 0.015
2018-03-29,737148.4167,-0.089, 0.014, 0.023,-0.250, 0.003,-0.003
2018-03-30,737149.4167,-0.077, 0.024, 0.042,-0.283, 0.002, 0.033
2018-03-31,737150.4167,-0.059, 0.023, 0.049,-0.187, 0.024,-0.023
2018-04-01,737151.4167,-0.039,-0.011,-0.012,-0.220,-0.019, 0.061
2018-04-02,737152.4167,-0.012, 0.015, 0.043,-0.190, 0.016, 0.098
2018-04-03,737153.4167, 0.127,-0.017, 0.003, 0.062,-0.010, 0.111
2018-04-04,737154.4167,-0.026,-0.012, 0.012,-0.045,-0.033,-0.049
2018-04-05,737155.4167,-0.047, 0.004, 0.009,-0.109,-0.005, 0.001
2018-04-06,737156.4167, 0.027, 0.007, 0.011,-0.026, 0.002, 0.069
2018-04-07,737157.4167, 0.072,-0.010,-0.021, 0.060, 0.008, 0.050
2018-04-08,737158.4167, 0.042,-0.014,-0.035, 0.037,-0.002, 0.024
2018-04-09,737159.4167, 0.059,-0.015,-0.039, 0.101, 0.013, 0.004
2018-04-10,737160.4167, 0.041,-0.016,-0.007, 0.049,-0.006, 0.006
2018-04-11,737161.4167,-0.099,-0.015,-0.034,-0.141,-0.011,-0.090
2018-04-12,737162.4167, 0.001,-0.028,-0.031,-0.071,-0.026, 0.061
2018-04-13,737163.4167,-0.053,-0.033,-0.027,-0.111,-0.031, 0.003
2018-04-14,737164.4167,-0.015,-0.002,-0.030,-0.068, 0.007, 0.019
2018-04-15,737165.4167, 0.036,-0.003, 0.008,-0.006, 0.004, 0.038
2018-04-16,737166.4167, 0.122,-0.010,-0.023, 0.092, 0.002, 0.109
2018-04-17,737167.4167, 0.100,-0.028,-0.035, 0.040,-0.032, 0.139
2018-04-18,737168.4167, 0.112,-0.026,-0.022, 0.021, 0.003, 0.131
2018-04-19,737169.4167, 0.005,-0.002, 0.011,-0.072,-0.008, 0.006
2018-04-20,737170.4167,-0.015, 0.007,-0.015,-0.070,-0.001, 0.006
2018-04-21,737171.4167,-0.173, 0.011, 0.041,-0.225, 0.016,-0.104
2018-04-22,737172.4167,-0.144,-0.001, 0.015,-0.201, 0.003,-0.062
2018-04-23,737173.4167,-0.060,-0.006,-0.027,-0.129, 0.015, 0.033
2018-04-24,737174.4167,-0.075, 0.003, 0.001,-0.138, 0.010,-0.011
2018-04-25,737175.4167,-0.274, 0.015, 0.017,-0.395, 0.005,-0.155
2018-04-26,737176.4167,-0.129, 0.015, 0.002,-0.231, 0.016,-0.044
2018-04-27,737177.4167, 0.074,-0.010,-0.042, 0.026, 0.011, 0.116
2018-04-28,737178.4167, 0.098,-0.026,-0.010, 0.066,-0.017, 0.126
2018-04-29,737179.4167,-0.073, 0.012, 0.041,-0.024,-0.013,-0.097
2018-04-30,737180.4167, 0.062, 0.000, 0.021, 0.075,-0.023, 0.051
2018-05-01,737181.4167,-0.085,-0.018,-0.021,-0.069,-0.023,-0.115
2018-05-02,737182.4167,-0.177,-0.023,-0.027,-0.204,-0.012,-0.164
2018-05-03,737183.4167,-0.049,-0.006, 0.008,-0.119, 0.003,-0.003
2018-05-04,737184.4167,-0.007, 0.016, 0.029,-0.038, 0.025,-0.005
2018-05-05,737185.4167,-0.091,-0.001, 0.004,-0.187, 0.008,-0.011
2018-05-06,737186.4167, 0.053,-0.024, 0.010,-0.026,-0.008, 0.097
2018-05-07,737187.4167, 0.064,-0.036,-0.049, 0.043, 0.006, 0.084
2018-05-08,737188.4167, 0.050,-0.001, 0.013, 0.017, 0.003, 0.082
2018-05-09,737189.4167, 0.058,-0.008, 0.024, 0.058,-0.023, 0.063
2018-05-10,737190.4167,-0.100,-0.019, 0.023,-0.083,-0.066,-0.122
2018-05-11,737191.4167,-0.022,-0.015, 0.019,-0.005,-0.048,-0.054
2018-05-12,737192.4167, 0.256, 0.017, 0.008, 0.285, 0.032, 0.227
2018-05-13,737193.4167, 0.415, 0.018,-0.020, 0.449, 0.059, 0.380
2018-05-14,737194.4167, 0.191,-0.006,-0.047, 0.206, 0.042, 0.184
2018-05-15,737195.4167,-0.145,-0.007,-0.042,-0.169, 0.015,-0.122
2018-05-16,737196.4167,-0.072, 0.005,-0.001,-0.074, 0.011,-0.074
2018-05-17,737197.4167, 0.032,-0.001,-0.005, 0.012, 0.001, 0.051
2018-05-18,737198.4167, 0.114,-0.017,-0.043, 0.124, 0.005, 0.108
2018-05-19,737199.4167, 0.043,-0.006,-0.014, 0.050, 0.002, 0.036
2018-05-20,737200.4167,-0.040,-0.008,-0.011,-0.032,-0.006,-0.047
2018-05-21,737201.4167, 0.109,-0.002,-0.006, 0.125, 0.007, 0.097
2018-05-22,737202.4167, 0.098,-0.003,-0.030, 0.090, 0.019, 0.116
2018-05-23,737203.4167, 0.112, 0.014, 0.015, 0.111, 0.016, 0.110
2018-05-24,737204.4167,-0.029, 0.003,-0.020,-0.031, 0.034,-0.024
2018-05-25,737205.4167,-0.148, 0.010, 0.005,-0.164, 0.011,-0.129
2018-05-26,737206.4167,-0.218, 0.000,-0.006,-0.239, 0.011,-0.194
2018-05-27,737207.4167,-0.198,-0.001, 0.013,-0.219,-0.016,-0.177
2018-05-28,737208.4167,-0.192,-0.001, 0.002,-0.205,-0.005,-0.179
2018-05-29,737209.4167,-0.095,-0.012,-0.011,-0.103,-0.013,-0.095
2018-05-30,737210.4167, 0.060, 0.028, 0.010, 0.063, 0.029, 0.061
2018-05-31,737211.4167, 0.283,-0.008,-0.082, 0.316, 0.052, 0.250
2018-06-01,737212.4167, 0.307, 0.001,-0.082, 0.374, 0.102, 0.247
2018-06-02,737213.4167, 0.182, 0.004,-0.072, 0.222, 0.088, 0.161
2018-06-03,737214.4167,-0.140, 0.001,-0.001,-0.144,-0.017,-0.126
2018-06-04,737215.4167,-0.233, 0.004,-0.023,-0.247, 0.045,-0.207
2018-06-05,737216.4167,-0.174,-0.012,-0.023,-0.237,-0.006,-0.109
2018-06-06,737217.4167,-0.179,-0.010,-0.003,-0.280,-0.029,-0.048
2018-06-07,737218.4167,-0.327,-0.013,-0.001,-0.423,-0.050,-0.244
2018-06-08,737219.4167,-0.357,-0.016,-0.002,-0.458,-0.070,-0.307
2018-06-09,737220.4167,-0.359,-0.016,-0.014,-0.387,-0.052,-0.340
2018-06-10,737221.4167,-0.275,-0.018,-0.008,-0.241,-0.043,-0.289
2018-06-11,737222.4167,-0.205,-0.010,-0.002,-0.202,-0.031,-0.220
2018-06-12,737223.4167,-0.175,-0.005,-0.001,-0.216,-0.022,-0.152
2018-06-13,737224.4167,-0.200,-0.024,-0.052,-0.270,-0.020,-0.159
2018-06-14,737225.4167,-0.205,-0.005, 0.005,-0.254,-0.023,-0.189
2018-06-15,737226.4167,-0.171,-0.012,-0.011,-0.258,-0.013,-0.117
2018-06-16,737227.4167, 0.109,-0.004,-0.022, 0.051, 0.019, 0.145
2018-06-17,737228.4167, 0.096,-0.005,-0.019, 0.080, 0.010, 0.111
2018-06-18,737229.4167, 0.207, 0.019,-0.006, 0.257, 0.052, 0.165
2018-06-19,737230.4167, 0.147, 0.007,-0.047, 0.143, 0.068, 0.168
2018-06-20,737231.4167,-0.132,-0.012,-0.027,-0.158,-0.001,-0.110
2018-06-21,737232.4167,-0.325,-0.019,-0.023,-0.368,-0.015,-0.282
2018-06-22,737233.4167,-0.347,-0.026, 0.030,-0.336,-0.091,-0.354
2018-06-23,737234.4167,-0.122, 0.008, 0.025,-0.112,-0.020,-0.138
2018-06-24,737235.4167, 0.121,-0.016,-0.029, 0.111,-0.001, 0.136
2018-06-25,737236.4167,-0.001,-0.010, 0.011,-0.005,-0.022,-0.001
2018-06-26,737237.4167,-0.153,-0.004, 0.011,-0.191,-0.016,-0.131
2018-06-27,737238.4167,-0.198,-0.004, 0.007,-0.224,-0.024,-0.196
2018-06-28,737239.4167,-0.193,-0.013,-0.008,-0.236,-0.026,-0.180
2018-06-29,737240.4167,-0.276,-0.013,-0.003,-0.315,-0.048,-0.258
2018-06-30,737241.4167,-0.321,-0.014,-0.003,-0.367,-0.073,-0.313
2018-07-01,737242.4167,-0.221,-0.014,-0.010,-0.236,-0.037,-0.223
2018-07-02,737243.4167,-0.321,-0.026,-0.016,-0.325,-0.052,-0.293
2018-07-03,737244.4167,-0.334,-0.020,-0.010,-0.392,-0.052,-0.300
2018-07-04,737245.4167,   NaN,   NaN,   NaN,   NaN,   NaN,   NaN
2018-07-05,737246.4167,   NaN,   NaN,   NaN,   NaN,   NaN,   NaN
2018-07-06,737247.4167,   NaN,   NaN,   NaN,   NaN,   NaN,   NaN
2018-07-07,737248.4167,   NaN,   NaN,   NaN,   NaN,   NaN,   NaN
2018-07-08,737249.4167,   NaN,   NaN,   NaN,   NaN,   NaN,   NaN
2018-07-09,737250.4167,   NaN,   NaN,   NaN,   NaN,   NaN,   NaN
2018-07-10,737251.4167,   NaN,   NaN,   NaN,   NaN,   NaN,   NaN
2018-07-11,737252.4167,   NaN,   NaN,   NaN,   NaN,   NaN,   NaN
2018-07-12,737253.4167,   NaN,   NaN,   NaN,   NaN,   NaN,   NaN
2018-07-13,737254.4167,   NaN,   NaN,   NaN,   NaN,   NaN,   NaN
2018-07-14,737255.4167,   NaN,   NaN,   NaN,   NaN,   NaN,   NaN
2018-07-15,737256.4167,   NaN,   NaN,   NaN,   NaN,   NaN,   NaN
2018-07-16,737257.4167,   NaN,   NaN,   NaN,   NaN,   NaN,   NaN
2018-07-17,737258.4167,   NaN,   NaN,   NaN,   NaN,   NaN,   NaN
2018-07-18,737259.4167,   NaN,   NaN,   NaN,   NaN,   NaN,   NaN
2018-07-19,737260.4167,   NaN,   NaN,   NaN,   NaN,   NaN,   NaN
2018-07-20,737261.4167,   NaN,   NaN,   NaN,   NaN,   NaN,   NaN
2018-07-21,737262.4167,   NaN,   NaN,   NaN,   NaN,   NaN,   NaN
2018-07-22,737263.4167,   NaN,   NaN,   NaN,   NaN,   NaN,   NaN
2018-07-23,737264.4167,   NaN,   NaN,   NaN,   NaN,   NaN,   NaN
2018-07-24,737265.4167,   NaN,   NaN,   NaN,   NaN,   NaN,   NaN
2018-07-25,737266.4167,   NaN,   NaN,   NaN,   NaN,   NaN,   NaN
2018-07-26,737267.4167,   NaN,   NaN,   NaN,   NaN,   NaN,   NaN
2018-07-27,737268.4167,   NaN,   NaN,   NaN,   NaN,   NaN,   NaN
2018-07-28,737269.4167,   NaN,   NaN,   NaN,   NaN,   NaN,   NaN
2018-07-29,737270.4167,   NaN,   NaN,   NaN,   NaN,   NaN,   NaN
2018-07-30,737271.4167,   NaN,   NaN,   NaN,   NaN,   NaN,   NaN
2018-07-31,737272.4167,   NaN,   NaN,   NaN,   NaN,   NaN,   NaN
2018-08-01,737273.4167,   NaN,   NaN,   NaN,   NaN,   NaN,   NaN
2018-08-02,737274.4167,-0.018, 0.035, 0.056,-0.034, 0.019,-0.007
2018-08-03,737275.4167,-0.163,-0.007, 0.007,-0.197,-0.019,-0.143
2018-08-04,737276.4167,-0.185,-0.007, 0.005,-0.210,-0.013,-0.157
2018-08-05,737277.4167,-0.177,-0.002, 0.010,-0.200,-0.018,-0.163
2018-08-06,737278.4167,-0.166,-0.026,-0.021,-0.167,-0.040,-0.169
2018-08-07,737279.4167,-0.089,-0.006, 0.008,-0.143,-0.023,-0.046
2018-08-08,737280.4167, 0.079, 0.001, 0.011, 0.037, 0.002, 0.117
2018-08-09,737281.4167, 0.017, 0.018, 0.004, 0.010, 0.026, 0.020
2018-08-10,737282.4167,-0.143, 0.011, 0.045,-0.190,-0.019,-0.112
2018-08-11,737283.4167,-0.064,-0.030,-0.047,-0.087,-0.003,-0.038
2018-08-12,737284.4167, 0.039,-0.017,-0.028, 0.035,-0.006, 0.052
2018-08-13,737285.4167,-0.087,-0.014,-0.021,-0.051,-0.002,-0.124
2018-08-14,737286.4167,-0.145, 0.028, 0.040,-0.198, 0.005,-0.104
2018-08-15,737287.4167,-0.119,-0.006,-0.008,-0.145, 0.002,-0.077
2018-08-16,737288.4167,-0.058,-0.015,-0.030,-0.077,-0.013,-0.063
2018-08-17,737289.4167, 0.130,-0.008,-0.014, 0.146, 0.004, 0.137
2018-08-18,737290.4167, 0.066,-0.034,-0.040, 0.090,-0.013, 0.046
2018-08-19,737291.4167, 0.132,-0.010,-0.004, 0.151,-0.013, 0.117
2018-08-20,737292.4167, 0.101,-0.011,-0.008, 0.115,-0.012, 0.087
2018-08-21,737293.4167,-0.158,-0.027, 0.003,-0.133,-0.059,-0.183
2018-08-22,737294.4167, 0.017, 0.003, 0.001, 0.009, 0.003, 0.022
2018-08-23,737295.4167,-0.204, 0.011, 0.038,-0.228,-0.018,-0.186
2018-08-24,737296.4167,-0.216,-0.010, 0.023,-0.222,-0.046,-0.219
2018-08-25,737297.4167,-0.125,-0.003, 0.007,-0.149,-0.016,-0.120
2018-08-26,737298.4167,-0.040,-0.003,-0.006,-0.059, 0.005,-0.026
2018-08-27,737299.4167, 0.082, 0.016,-0.021, 0.024, 0.059, 0.123
2018-08-28,737300.4167, 0.076, 0.007, 0.009, 0.042, 0.002, 0.114
2018-08-29,737301.4167, 0.013,-0.002, 0.006, 0.038,-0.010,-0.031
2018-08-30,737302.4167, 0.042, 0.000, 0.008, 0.020,-0.002, 0.061
2018-08-31,737303.4167,-0.117, 0.000, 0.033,-0.120,-0.034,-0.121
2018-09-01,737304.4167,-0.086,-0.007,-0.009,-0.145,-0.012,-0.054
2018-09-02,737305.4167, 0.145,-0.002,-0.026, 0.089, 0.031, 0.172
2018-09-03,737306.4167, 0.068, 0.020, 0.035, 0.039, 0.013, 0.089
2018-09-04,737307.4167, 0.084, 0.009, 0.020, 0.072, 0.015, 0.096
2018-09-05,737308.4167, 0.026,-0.005,-0.023, 0.016, 0.012, 0.044
2018-09-06,737309.4167,-0.153,-0.016,-0.004,-0.149,-0.032,-0.149
2018-09-07,737310.4167,-0.165,-0.009,-0.031,-0.178,-0.015,-0.159
2018-09-08,737311.4167, 0.069, 0.002,-0.013, 0.044, 0.019, 0.102
2018-09-09,737312.4167, 0.108,-0.013,-0.025, 0.124, 0.015, 0.099
2018-09-10,737313.4167, 0.127,-0.004,-0.020, 0.146, 0.015, 0.115
2018-09-11,737314.4167, 0.004,-0.009, 0.044,-0.012,-0.033, 0.009
2018-09-12,737315.4167,-0.143,-0.010,-0.031,-0.136,-0.019,-0.155
2018-09-13,737316.4167,-0.065, 0.016, 0.028,-0.103, 0.014,-0.047
2018-09-14,737317.4167,-0.035,-0.006,-0.012,-0.073,-0.002,-0.016
2018-09-15,737318.4167,-0.128,-0.001, 0.017,-0.172,-0.009,-0.110
2018-09-16,737319.4167,-0.001, 0.020, 0.007,-0.089, 0.038, 0.059
2018-09-17,737320.4167, 0.013,-0.002, 0.016,-0.044,-0.000, 0.047
2018-09-18,737321.4167,-0.261, 0.014, 0.058,-0.349,-0.025,-0.213
2018-09-19,737322.4167,-0.236,-0.001,-0.021,-0.357,-0.014,-0.170
2018-09-20,737323.4167, 0.022, 0.000, 0.002,-0.115,-0.002, 0.090
2018-09-21,737324.4167,-0.087,-0.009, 0.010,-0.176,-0.023,-0.026
2018-09-22,737325.4167,-0.148, 0.009, 0.050,-0.243,-0.011,-0.085
2018-09-23,737326.4167,-0.022, 0.012,-0.003,-0.156,-0.010, 0.072
2018-09-24,737327.4167, 0.036, 0.016, 0.010,-0.008, 0.014, 0.046
2018-09-25,737328.4167,-0.081,-0.006, 0.030,-0.072, 0.005,-0.087
2018-09-26,737329.4167,-0.134, 0.000, 0.025,-0.205,-0.016,-0.065
2018-09-27,737330.4167,-0.009,-0.011, 0.003,-0.058,-0.009, 0.048
2018-09-28,737331.4167,-0.142,-0.004, 0.023,-0.219,-0.022,-0.100
2018-09-29,737332.4167,-0.069, 0.020, 0.008,-0.194, 0.007, 0.018
2018-09-30,737333.4167, 0.004, 0.016, 0.020,-0.076, 0.015, 0.022
2018-10-01,737334.4167,-0.008, 0.025, 0.021,-0.108, 0.032, 0.029
2018-10-02,737335.4167,-0.082,-0.009, 0.043,-0.147,-0.027,-0.043
2018-10-03,737336.4167,-0.065,-0.005,-0.004,-0.165,-0.015,-0.031
2018-10-04,737337.4167,-0.014, 0.020,-0.048,-0.116, 0.040, 0.031
2018-10-05,737338.4167, 0.067, 0.005,-0.026, 0.069,-0.004, 0.023
2018-10-06,737339.4167, 0.166, 0.008,-0.017, 0.219, 0.016, 0.112
2018-10-07,737340.4167, 0.316, 0.032,-0.050, 0.377, 0.104, 0.252
2018-10-08,737341.4167, 0.197, 0.003,-0.019, 0.250, 0.032, 0.145
2018-10-09,737342.4167,-0.063,-0.018,-0.009,-0.027,-0.012,-0.097
2018-10-10,737343.4167, 0.052,-0.001,-0.007, 0.061,-0.002, 0.044
2018-10-11,737344.4167, 0.105,-0.007,-0.021, 0.099,-0.007, 0.115
2018-10-12,737345.4167, 0.010, 0.007, 0.020,-0.007,-0.013, 0.014
2018-10-13,737346.4167,-0.154,-0.009, 0.014,-0.225,-0.010,-0.065
2018-10-14,737347.4167,-0.269,-0.023,-0.012,-0.408,-0.046,-0.098
2018-10-15,737348.4167,-0.334,-0.024,-0.023,-0.528,-0.046,-0.158
2018-10-16,737349.4167,-0.304,-0.021,-0.008,-0.472,-0.041,-0.188
2018-10-17,737350.4167,-0.222,-0.026,-0.033,-0.302,-0.025,-0.167
2018-10-18,737351.4167,-0.164,-0.036,-0.039,-0.253,-0.028,-0.107
2018-10-19,737352.4167,-0.140,-0.015,-0.020,-0.226,-0.014,-0.061
2018-10-20,737353.4167,-0.123, 0.014, 0.033,-0.235,-0.014, 0.028
2018-10-21,737354.4167, 0.096, 0.067, 0.074, 0.013, 0.010, 0.125
2018-10-22,737355.4167, 0.013, 0.017, 0.022, 0.042, 0.002,-0.045
2018-10-23,737356.4167,-0.125,-0.010,-0.049,-0.098,-0.001,-0.163
2018-10-24,737357.4167, 0.063,-0.003, 0.003, 0.034,-0.007, 0.055
2018-10-25,737358.4167,-0.123,-0.008,-0.015,-0.170, 0.003,-0.088
2018-10-26,737359.4167, 0.015, 0.002, 0.009, 0.027,-0.006, 0.012
2018-10-27,737360.4167,-0.115,-0.008,-0.044,-0.174,-0.018,-0.066
2018-10-28,737361.4167,-0.065,-0.012,-0.001,-0.036,-0.023,-0.074
2018-10-29,737362.4167,-0.101, 0.001,-0.004,-0.055,-0.006,-0.121
2018-10-30,737363.4167,-0.189,-0.024, 0.029,-0.274,-0.043,-0.174
2018-10-31,737364.4167,   NaN,   NaN,   NaN,   NaN,   NaN,   NaN
2018-11-01,737365.4167,-0.155, 0.001, 0.005,-0.321,-0.013,-0.059
2018-11-02,737366.4167,-0.224,-0.017,-0.018,-0.316,-0.033,-0.156
2018-11-03,737367.4167,-0.133, 0.000,-0.026,-0.263,-0.003,-0.032
2018-11-04,737368.4167,-0.046,-0.011,-0.016,-0.201,-0.003, 0.063
2018-11-05,737369.4167,-0.114, 0.013, 0.011,-0.282,-0.008,-0.009
2018-11-06,737370.4167,-0.070, 0.019,-0.011,-0.179, 0.019, 0.006
2018-11-07,737371.4167, 0.006, 0.012,-0.019,-0.066, 0.028, 0.066
2018-11-08,737372.4167, 0.094, 0.016, 0.016, 0.052,-0.006, 0.078
2018-11-09,737373.4167, 0.089,-0.007, 0.008, 0.009,-0.028, 0.083
2018-11-10,737374.4167, 0.123, 0.007, 0.002, 0.040, 0.013, 0.132
2018-11-11,737375.4167, 0.163, 0.001, 0.009, 0.163, 0.012, 0.145
2018-11-12,737376.4167,-0.039,-0.018,-0.006,-0.061,-0.030,-0.047
2018-11-13,737377.4167,-0.222,-0.021, 0.015,-0.273,-0.066,-0.220
2018-11-14,737378.4167,-0.110,-0.008,-0.012,-0.187,-0.020,-0.102
2018-11-15,737379.4167, 0.001, 0.006, 0.004,-0.060,-0.010, 0.004
2018-11-16,737380.4167,-0.007, 0.002,-0.019,-0.006,-0.002,-0.022
2018-11-17,737381.4167, 0.006, 0.008,-0.000,-0.036, 0.011, 0.012
2018-11-18,737382.4167, 0.041,-0.003, 0.014,-0.007,-0.003, 0.066
2018-11-19,737383.4167,-0.060,-0.010,-0.007,-0.131,-0.013,-0.048
2018-11-20,737384.4167,-0.159,-0.011, 0.016,-0.253,-0.025,-0.128
2018-11-21,737385.4167,-0.089,-0.011, 0.006,-0.181,-0.013,-0.037
2018-11-22,737386.4167,-0.056,-0.023,-0.052,-0.129,-0.002,-0.007
2018-11-23,737387.4167,-0.009, 0.010, 0.002,-0.057, 0.043, 0.020
2018-11-24,737388.4167, 0.211,-0.003,-0.005, 0.175, 0.018, 0.198
2018-11-25,737389.4167, 0.072,-0.010,-0.000, 0.027, 0.010, 0.104
2018-11-26,737390.4167, 0.089, 0.001,-0.004, 0.109,-0.006, 0.021
2018-11-27,737391.4167,-0.118,-0.010, 0.010,-0.121,-0.032,-0.110
2018-11-28,737392.4167,-0.126, 0.004,-0.037,-0.179, 0.021,-0.067
2018-11-29,737393.4167, 0.132, 0.007, 0.001, 0.106, 0.018, 0.156
2018-11-30,737394.4167,-0.001,-0.018, 0.007,-0.012,-0.018, 0.011
2018-12-01,737395.4167,-0.112,-0.012, 0.010,-0.180,-0.020,-0.045
2018-12-02,737396.4167,-0.141,-0.007,-0.009,-0.247,-0.009,-0.042
2018-12-03,737397.4167,-0.153,-0.014,-0.032,-0.254, 0.000,-0.031
2018-12-04,737398.4167,-0.025, 0.006, 0.021,-0.147, 0.016, 0.090
2018-12-05,737399.4167, 0.099, 0.009, 0.002, 0.011, 0.012, 0.135
2018-12-06,737400.4167,-0.017,-0.013, 0.004,-0.125,-0.009, 0.018
2018-12-07,737401.4167,-0.159,-0.015, 0.002,-0.272,-0.059,-0.104
2018-12-08,737402.4167,-0.187,-0.007, 0.007,-0.354,-0.004,-0.065
2018-12-09,737403.4167,-0.129, 0.012, 0.023,-0.307, 0.014, 0.014
2018-12-10,737404.4167,-0.076, 0.011, 0.022,-0.240, 0.009, 0.074
2018-12-11,737405.4167,-0.021,-0.007, 0.005,-0.106, 0.004, 0.049
2018-12-12,737406.4167,-0.095,-0.021,-0.004,-0.180,-0.034,-0.041
2018-12-13,737407.4167,-0.173, 0.005, 0.017,-0.260,-0.009,-0.089
2018-12-14,737408.4167,-0.032,-0.020,-0.015,-0.151,-0.014, 0.071
2018-12-15,737409.4167,-0.002,-0.001,-0.015,-0.092, 0.018, 0.036
2018-12-16,737410.4167, 0.090,-0.016,-0.027, 0.029, 0.011, 0.141
2018-12-17,737411.4167, 0.157, 0.000,-0.004, 0.173, 0.002, 0.126
2018-12-18,737412.4167, 0.024,-0.004, 0.009, 0.063,-0.027,-0.006
2018-12-19,737413.4167,-0.070,-0.017,-0.035,-0.076,-0.020,-0.073
2018-12-20,737414.4167, 0.073, 0.015, 0.047, 0.165, 0.019,-0.007
2018-12-21,737415.4167, 0.293,-0.003,-0.008, 0.468,-0.004, 0.121
2018-12-22,737416.4167, 0.231,-0.002,-0.041, 0.349,-0.002, 0.022
2018-12-23,737417.4167, 0.153,-0.009,-0.007, 0.254, 0.001, 0.021
2018-12-24,737418.4167,-0.018,-0.013,-0.010,-0.003,-0.017,-0.042
2018-12-25,737419.4167,-0.052,-0.021, 0.014,-0.100,-0.019, 0.011
2018-12-26,737420.4167,-0.047,-0.017,-0.007,-0.108,-0.032, 0.006
2018-12-27,737421.4167,-0.079,-0.013,-0.021,-0.151,-0.029,-0.023
2018-12-28,737422.4167,-0.033,-0.011,-0.005,-0.080,-0.011,-0.001
2018-12-29,737423.4167, 0.019,-0.006,-0.011,-0.037,-0.011, 0.048
2018-12-30,737424.4167,-0.014, 0.005,-0.003,-0.044, 0.003, 0.001
2018-12-31,737425.4167, 0.002, 0.021, 0.019, 0.018, 0.023,-0.017
2019-01-01,737426.4167, 0.148,-0.003,-0.008, 0.157,-0.004, 0.134
2019-01-02,737427.4167, 0.163,-0.004,-0.004, 0.188, 0.002, 0.138
2019-01-03,737428.4167, 0.071,-0.006,-0.031, 0.091,-0.012, 0.043
2019-01-04,737429.4167,-0.016,-0.005,-0.027, 0.023,-0.008,-0.051
2019-01-05,737430.4167, 0.230, 0.007, 0.024, 0.364, 0.005, 0.089
2019-01-06,737431.4167, 0.227,-0.000, 0.011, 0.403,-0.010, 0.100
2019-01-07,737432.4167, 0.040, 0.007, 0.028, 0.160,-0.026,-0.003
2019-01-08,737433.4167, 0.061,-0.014, 0.001, 0.151,-0.032,-0.003
2019-01-09,737434.4167, 0.133, 0.006, 0.008, 0.247, 0.014, 0.040
2019-01-10,737435.4167, 0.242, 0.003, 0.024, 0.404, 0.016, 0.081
2019-01-11,737436.4167, 0.163,-0.010,-0.012, 0.298,-0.015, 0.049
2019-01-12,737437.4167, 0.087,-0.013,-0.041, 0.141,-0.004, 0.059
2019-01-13,737438.4167, 0.309, 0.010, 0.033, 0.474, 0.014, 0.150
2019-01-14,737439.4167, 0.237,-0.013,-0.038, 0.279, 0.023, 0.170
2019-01-15,737440.4167,-0.004,-0.028,-0.010, 0.033,-0.023,-0.046
2019-01-16,737441.4167, 0.082,-0.011,-0.020, 0.076,-0.014, 0.080
2019-01-17,737442.4167, 0.008, 0.007, 0.001, 0.060, 0.004,-0.045
2019-01-18,737443.4167, 0.011,-0.014,-0.026, 0.009,-0.016,-0.005
2019-01-19,737444.4167, 0.048,-0.010,-0.008, 0.060, 0.003, 0.052
2019-01-20,737445.4167, 0.081, 0.001,-0.018, 0.177,-0.006, 0.001
2019-01-21,737446.4167, 0.052,-0.009, 0.000, 0.117,-0.022,-0.002
2019-01-22,737447.4167,-0.015,-0.017,-0.006, 0.011,-0.033,-0.033
2019-01-23,737448.4167, 0.056, 0.004, 0.007, 0.160, 0.004,-0.022
2019-01-24,737449.4167, 0.039,-0.004,-0.023, 0.144,-0.001,-0.060
2019-01-25,737450.4167,-0.144,-0.019,-0.006,-0.126,-0.024,-0.139
2019-01-26,737451.4167,-0.182, 0.002, 0.002,-0.214,-0.027,-0.138
2019-01-27,737452.4167,-0.173,-0.016,-0.029,-0.245,-0.019,-0.097
2019-01-28,737453.4167,-0.257,-0.006, 0.019,-0.255,-0.013,-0.160
2019-01-29,737454.4167,-0.131,-0.030,-0.059,-0.241, 0.001, 0.073
2019-01-30,737455.4167,-0.114,-0.023,-0.040,-0.196,-0.010, 0.012
2019-01-31,737456.4167, 0.036, 0.007, 0.011, 0.008,-0.003, 0.028
2019-02-01,737457.4167, 0.203, 0.008,-0.008, 0.301, 0.012, 0.104
2019-02-02,737458.4167, 0.114,-0.006,-0.036, 0.234,-0.004, 0.006
2019-02-03,737459.4167,-0.135,-0.016,-0.034,-0.132,-0.003,-0.151
2019-02-04,737460.4167,-0.118,-0.009,-0.009,-0.204,-0.014,-0.048
2019-02-05,737461.4167,-0.162,-0.022,-0.026,-0.205,-0.025,-0.124
2019-02-06,737462.4167,-0.159,-0.002, 0.001,-0.185, 0.008,-0.111
2019-02-07,737463.4167,-0.082,-0.014,-0.024,-0.190,-0.016,-0.005
2019-02-08,737464.4167,-0.019,-0.025,-0.026,-0.076,-0.004, 0.052
2019-02-09,737465.4167,-0.073, 0.007,-0.017,-0.161, 0.012,-0.035
2019-02-10,737466.4167,-0.048, 0.006, 0.005,-0.067,-0.007,-0.029
2019-02-11,737467.4167, 0.068,-0.005,-0.014, 0.025,-0.014, 0.066
2019-02-12,737468.4167, 0.045, 0.011,-0.007, 0.006, 0.016, 0.026
2019-02-13,737469.4167, 0.148,-0.013, 0.009, 0.190, 0.014, 0.036
2019-02-14,737470.4167, 0.036,-0.013,-0.018, 0.073,-0.009,-0.025
2019-02-15,737471.4167,-0.121,-0.016,-0.023,-0.149,-0.003,-0.122
2019-02-16,737472.4167, 0.010,-0.038,-0.054,-0.045,-0.023, 0.072
2019-02-17,737473.4167,-0.179,-0.013,-0.010,-0.249,-0.022,-0.115
2019-02-18,737474.4167,-0.251,-0.028,-0.041,-0.354,-0.013,-0.149
2019-02-19,737475.4167,-0.059, 0.012, 0.021,-0.077, 0.015,-0.034
2019-02-20,737476.4167, 0.209,-0.002, 0.011, 0.307,-0.018, 0.057
2019-02-21,737477.4167, 0.088, 0.001, 0.006, 0.183, 0.022,-0.041
2019-02-22,737478.4167, 0.175, 0.037, 0.022, 0.245, 0.020, 0.056
2019-02-23,737479.4167, 0.081,-0.020,-0.005, 0.020,-0.043, 0.064
2019-02-24,737480.4167,-0.066,-0.017,-0.016,-0.086,-0.019,-0.114
2019-02-25,737481.4167,-0.306,-0.029,-0.030,-0.390,-0.061,-0.238
2019-02-26,737482.4167,-0.747,-0.036,-0.085,-1.049,-0.002,-0.474
2019-02-27,737483.4167,-0.800,-0.013,-0.076,-1.217, 0.000,-0.483
2019-02-28,737484.4167,-0.673,-0.049,-0.077,-0.890,-0.065,-0.471
2019-03-01,737485.4167,-0.385,-0.048,-0.047,-0.472,-0.024,-0.230
2019-03-02,737486.4167,-0.184,-0.041,-0.051,-0.257,-0.010,-0.077
2019-03-03,737487.4167,-0.170,-0.018,-0.049,-0.302,-0.006,-0.058
2019-03-04,737488.4167,-0.335,-0.022,-0.003,-0.567,-0.022,-0.187
2019-03-05,737489.4167,-0.372,-0.023,-0.004,-0.636,-0.030,-0.211
2019-03-06,737490.4167,-0.159,-0.013,-0.026,-0.244,-0.027,-0.128
2019-03-07,737491.4167,-0.062, 0.003,-0.001,-0.072, 0.003,-0.075
2019-03-08,737492.4167,-0.383,-0.009,-0.014,-0.464,-0.028,-0.316
2019-03-09,737493.4167,-0.448,-0.036,-0.067,-0.678,-0.051,-0.285
2019-03-10,737494.4167,-0.388,-0.023,-0.047,-0.557,-0.018,-0.286
2019-03-11,737495.4167,-0.591,-0.001, 0.014,-0.916,-0.045,-0.359
2019-03-12,737496.4167,-0.570, 0.017, 0.048,-1.056,-0.030,-0.225
2019-03-13,737497.4167,-0.475,-0.001, 0.037,-0.851,-0.025,-0.159
2019-03-14,737498.4167,-0.455, 0.015, 0.053,-0.820,-0.015,-0.129
2019-03-15,737499.4167,-0.156, 0.027,-0.016,-0.358, 0.036, 0.048
2019-03-16,737500.4167,-0.057,-0.031,-0.051,-0.178,-0.028, 0.076
2019-03-17,737501.4167, 0.296,-0.017,-0.034, 0.313, 0.010, 0.290
2019-03-18,737502.4167, 0.331,-0.043,-0.068, 0.329,-0.025, 0.293
2019-03-19,737503.4167, 0.411, 0.004, 0.026, 0.552,-0.007, 0.209
2019-03-20,737504.4167, 0.328,-0.005,-0.025, 0.547, 0.017, 0.119
2019-03-21,737505.4167, 0.237,-0.006,-0.004, 0.427,-0.008, 0.050
2019-03-22,737506.4167, 0.193,-0.012,-0.002, 0.364,-0.008, 0.020
2019-03-23,737507.4167, 0.085,-0.012,-0.028, 0.180, 0.004,-0.023
2019-03-24,737508.4167, 0.005,-0.027,-0.021, 0.071,-0.028,-0.047
2019-03-25,737509.4167,-0.023,-0.011,-0.017,-0.053,-0.020,-0.008
2019-03-26,737510.4167,-0.034,-0.008,-0.019,-0.034, 0.011,-0.025
2019-03-27,737511.4167, 0.147,-0.013,-0.033, 0.162, 0.003, 0.153
2019-03-28,737512.4167, 0.065,-0.028,-0.040, 0.049,-0.010, 0.025
2019-03-29,737513.4167,-0.017,-0.039,-0.047,-0.083,-0.026, 0.016
2019-03-30,737514.4167,-0.030,-0.005,-0.055,-0.070, 0.004,-0.011
2019-03-31,737515.4167, 0.048,-0.005,-0.042, 0.020, 0.003, 0.035
2019-04-01,737516.4167, 0.186, 0.005, 0.020, 0.153, 0.004, 0.147
2019-04-02,737517.4167, 0.195,-0.023,-0.005, 0.208,-0.003, 0.158
2019-04-03,737518.4167, 0.030,-0.004, 0.002, 0.052,-0.007, 0.003
2019-04-04,737519.4167, 0.023, 0.017,-0.006, 0.025, 0.036, 0.025
2019-04-05,737520.4167,-0.078, 0.005, 0.009,-0.093,-0.011,-0.059
2019-04-06,737521.4167,-0.132, 0.009, 0.001,-0.187, 0.016,-0.066
2019-04-07,737522.4167, 0.009,-0.035,-0.025,-0.066,-0.018, 0.064
2019-04-08,737523.4167,-0.073,-0.005, 0.010,-0.171, 0.005, 0.009
2019-04-09,737524.4167, 0.056,-0.006,-0.034,-0.023, 0.001, 0.113
2019-04-10,737525.4167, 0.327,-0.016,-0.001, 0.376,-0.014, 0.248
2019-04-11,737526.4167, 0.113,-0.027,-0.016, 0.127,-0.027, 0.082
2019-04-12,737527.4167,-0.137, 0.017, 0.067,-0.153,-0.018,-0.127
2019-04-13,737528.4167,-0.016, 0.035, 0.084,-0.048,-0.003, 0.002
2019-04-14,737529.4167, 0.038,-0.039,-0.059, 0.043,-0.007, 0.021
2019-04-15,737530.4167,-0.051,-0.000, 0.018,-0.047,-0.024,-0.065
2019-04-16,737531.4167,-0.128, 0.002, 0.004,-0.166,-0.006,-0.071
2019-04-17,737532.4167,-0.113,-0.019,-0.014,-0.171,-0.013,-0.035
2019-04-18,737533.4167,-0.198, 0.015, 0.026,-0.302, 0.008,-0.093
2019-04-19,737534.4167,-0.073,-0.016,-0.024,-0.168,-0.012, 0.050
2019-04-20,737535.4167,-0.043, 0.004, 0.014,-0.103, 0.005, 0.009
2019-04-21,737536.4167,-0.066,-0.011,-0.008,-0.219,-0.013, 0.064
2019-04-22,737537.4167,-0.067, 0.002, 0.023,-0.232,-0.008, 0.031
2019-04-23,737538.4167,-0.100, 0.015, 0.049,-0.288, 0.012, 0.015
2019-04-24,737539.4167,-0.134, 0.007, 0.025,-0.293,-0.000,-0.021
2019-04-25,737540.4167,-0.023, 0.001, 0.011,-0.180,-0.001, 0.080
2019-04-26,737541.4167, 0.144,-0.012,-0.032, 0.077, 0.018, 0.148
2019-04-27,737542.4167, 0.217, 0.004, 0.008, 0.242,-0.003, 0.144
2019-04-28,737543.4167, 0.123,-0.034,-0.046, 0.140, 0.005, 0.071
2019-04-29,737544.4167, 0.222, 0.007,-0.009, 0.242, 0.047, 0.193
2019-04-30,737545.4167,-0.094,-0.037, 0.024,-0.112,-0.040,-0.079
2019-05-01,737546.4167,-0.207,-0.003, 0.008,-0.302,-0.009,-0.152
2019-05-02,737547.4167,-0.140,-0.013, 0.006,-0.314,-0.012, 0.003
2019-05-03,737548.4167,-0.134,-0.010,-0.020,-0.272, 0.001,-0.033
2019-05-04,737549.4167,-0.070, 0.004, 0.043,-0.195,-0.013, 0.065
2019-05-05,737550.4167, 0.284, 0.014,-0.025, 0.322, 0.036, 0.226
2019-05-06,737551.4167, 0.193, 0.012,-0.011, 0.269, 0.031, 0.105
2019-05-07,737552.4167, 0.177, 0.005, 0.015, 0.200,-0.005, 0.129
2019-05-08,737553.4167, 0.075,-0.007,-0.024, 0.138, 0.031, 0.016
2019-05-09,737554.4167,-0.077,-0.013, 0.022,-0.101,-0.014,-0.059
2019-05-10,737555.4167,-0.024,-0.006, 0.013,-0.106, 0.013, 0.046
2019-05-11,737556.4167, 0.208,-0.005,-0.023, 0.169, 0.037, 0.204
2019-05-12,737557.4167,-0.062,-0.010, 0.026,-0.060,-0.007,-0.068
2019-05-13,737558.4167,-0.295,-0.009, 0.025,-0.337,-0.024,-0.253
2019-05-14,737559.4167,-0.046,-0.019,-0.043,-0.137,-0.012, 0.030
2019-05-15,737560.4167, 0.042,-0.009,-0.001,-0.081,-0.019, 0.114
2019-05-16,737561.4167, 0.126, 0.003, 0.016, 0.067, 0.020, 0.154
2019-05-17,737562.4167,-0.149,-0.012, 0.014,-0.206,-0.031,-0.119
2019-05-18,737563.4167,-0.150, 0.005,-0.008,-0.273, 0.023,-0.023
2019-05-19,737564.4167,-0.278,-0.002, 0.010,-0.380,-0.024,-0.204
2019-05-20,737565.4167,-0.300,-0.005, 0.002,-0.418,-0.025,-0.228
2019-05-21,737566.4167,-0.442,-0.009,-0.011,-0.627,-0.010,-0.299
2019-05-22,737567.4167,-0.102,-0.019,-0.041,-0.237,-0.016,-0.012
2019-05-23,737568.4167,-0.122, 0.001, 0.044,-0.146,-0.032,-0.106
2019-05-24,737569.4167,-0.286,-0.001,-0.019,-0.478, 0.001,-0.134
2019-05-25,737570.4167,-0.374,-0.009, 0.005,-0.553,-0.020,-0.207
2019-05-26,737571.4167,-0.357,-0.001, 0.033,-0.519,-0.014,-0.231
2019-05-27,737572.4167,-0.280,-0.022,-0.045,-0.359,-0.037,-0.223
2019-05-28,737573.4167,-0.135,-0.008,-0.019,-0.192, 0.007,-0.033
2019-05-29,737574.4167,-0.060,-0.018,-0.026,-0.184, 0.010, 0.043
2019-05-30,737575.4167, 0.116,-0.021,-0.021, 0.015,-0.016, 0.197
2019-05-31,737576.4167,-0.023,-0.002,-0.007,-0.110, 0.022, 0.030
